Date;SP500
03.06.02;1067.66
04.06.02;1064.66
05.06.02;1067.14
06.06.02;1040.68
07.06.02;1040.69
10.06.02;1049.90
11.06.02;1029.15
12.06.02;1027.53
13.06.02;1030.74
14.06.02;1013.60
17.06.02;1020.26
18.06.02;1009.56
19.06.02;1007.27
20.06.02;1036.17
21.06.02;1037.14
24.06.02;1019.99
25.06.02;1006.29
26.06.02;989.14
27.06.02;992.72
28.06.02;976.14
01.07.02;973.53
02.07.02;990.64
03.07.02;989.82
04.07.02;989.82
05.07.02;968.65
08.07.02;948.09
09.07.02;953.99
10.07.02;989.03
11.07.02;976.98
12.07.02;952.83
15.07.02;920.47
16.07.02;927.37
17.07.02;921.39
18.07.02;917.93
19.07.02;900.94
22.07.02;906.04
23.07.02;881.56
24.07.02;847.75
25.07.02;819.85
26.07.02;797.70
29.07.02;843.43
30.07.02;838.68
31.07.02;852.84
01.08.02;898.96
02.08.02;902.78
05.08.02;911.62
06.08.02;884.66
07.08.02;864.24
08.08.02;834.60
09.08.02;859.57
12.08.02;876.77
13.08.02;905.46
14.08.02;908.64
15.08.02;903.80
16.08.02;884.21
19.08.02;919.62
20.08.02;930.25
21.08.02;928.77
22.08.02;950.70
23.08.02;937.43
26.08.02;949.36
27.08.02;962.70
28.08.02;940.86
29.08.02;947.95
30.08.02;934.82
02.09.02;934.82
03.09.02;917.87
04.09.02;917.80
05.09.02;916.07
06.09.02;878.02
09.09.02;893.40
10.09.02;879.15
11.09.02;893.92
12.09.02;902.96
13.09.02;909.58
16.09.02;909.45
17.09.02;886.91
18.09.02;889.81
19.09.02;891.10
20.09.02;873.52
23.09.02;869.46
24.09.02;843.32
25.09.02;845.39
26.09.02;833.70
27.09.02;819.29
30.09.02;839.66
01.10.02;854.95
02.10.02;827.37
03.10.02;815.28
04.10.02;847.91
07.10.02;827.91
08.10.02;818.95
09.10.02;800.58
10.10.02;785.28
11.10.02;798.55
14.10.02;776.76
15.10.02;803.92
16.10.02;835.32
17.10.02;841.44
18.10.02;881.27
21.10.02;860.02
22.10.02;879.20
23.10.02;884.39
24.10.02;899.72
25.10.02;890.16
28.10.02;896.14
29.10.02;882.50
30.10.02;897.65
31.10.02;890.23
01.11.02;882.15
04.11.02;890.71
05.11.02;885.76
06.11.02;900.96
07.11.02;908.35
08.11.02;915.39
11.11.02;923.76
12.11.02;902.65
13.11.02;894.74
14.11.02;876.19
15.11.02;882.95
18.11.02;882.53
19.11.02;904.27
20.11.02;909.83
21.11.02;900.36
22.11.02;896.74
25.11.02;914.15
26.11.02;933.76
27.11.02;930.55
28.11.02;930.55
29.11.02;932.87
02.12.02;913.31
03.12.02;938.87
04.12.02;936.31
05.12.02;934.53
06.12.02;920.75
09.12.02;917.58
10.12.02;906.55
11.12.02;912.23
12.12.02;892.00
13.12.02;904.45
16.12.02;904.96
17.12.02;901.58
18.12.02;889.48
19.12.02;910.40
20.12.02;902.99
23.12.02;891.12
24.12.02;884.25
25.12.02;884.25
26.12.02;895.76
27.12.02;897.38
30.12.02;892.47
31.12.02;889.66
01.01.03;889.66
02.01.03;875.40
03.01.03;879.39
06.01.03;879.82
07.01.03;909.03
08.01.03;908.59
09.01.03;929.01
10.01.03;922.93
13.01.03;909.93
14.01.03;927.57
15.01.03;927.57
16.01.03;926.26
17.01.03;931.66
20.01.03;931.66
21.01.03;918.22
22.01.03;914.60
23.01.03;901.78
24.01.03;887.62
27.01.03;878.36
28.01.03;887.34
29.01.03;861.40
30.01.03;847.48
31.01.03;858.54
03.02.03;864.36
04.02.03;844.61
05.02.03;855.70
06.02.03;860.32
07.02.03;848.20
10.02.03;843.59
11.02.03;838.15
12.02.03;829.69
13.02.03;835.97
14.02.03;829.20
17.02.03;829.20
18.02.03;818.68
19.02.03;817.37
20.02.03;834.89
21.02.03;851.17
24.02.03;845.13
25.02.03;837.10
26.02.03;848.17
27.02.03;832.58
28.02.03;838.57
03.03.03;827.55
04.03.03;837.28
05.03.03;841.15
06.03.03;834.81
07.03.03;821.99
10.03.03;829.85
11.03.03;822.10
12.03.03;828.89
13.03.03;807.48
14.03.03;800.73
17.03.03;804.19
18.03.03;831.90
19.03.03;833.27
20.03.03;862.79
21.03.03;866.45
24.03.03;874.02
25.03.03;875.67
26.03.03;895.79
27.03.03;864.23
28.03.03;874.74
31.03.03;869.95
01.04.03;868.52
02.04.03;863.50
03.04.03;848.18
04.04.03;858.48
07.04.03;880.90
08.04.03;876.45
09.04.03;878.85
10.04.03;879.93
11.04.03;878.29
14.04.03;865.99
15.04.03;871.58
16.04.03;868.30
17.04.03;885.23
18.04.03;885.23
21.04.03;890.81
22.04.03;879.91
23.04.03;893.58
24.04.03;892.01
25.04.03;911.37
28.04.03;919.02
29.04.03;911.43
30.04.03;898.81
01.05.03;914.84
02.05.03;917.84
05.05.03;916.92
06.05.03;916.30
07.05.03;930.08
08.05.03;926.55
09.05.03;934.39
12.05.03;929.62
13.05.03;920.27
14.05.03;933.41
15.05.03;945.11
16.05.03;942.30
19.05.03;939.28
20.05.03;946.67
21.05.03;944.30
22.05.03;920.77
23.05.03;919.73
26.05.03;919.73
27.05.03;923.42
28.05.03;931.87
29.05.03;933.22
30.05.03;951.48
02.06.03;953.22
03.06.03;949.64
04.06.03;963.59
05.06.03;967.00
06.06.03;971.56
09.06.03;986.24
10.06.03;990.14
11.06.03;987.76
12.06.03;975.93
13.06.03;984.84
16.06.03;997.48
17.06.03;998.51
18.06.03;988.61
19.06.03;1010.74
20.06.03;1011.66
23.06.03;1010.09
24.06.03;994.70
25.06.03;995.69
26.06.03;981.64
27.06.03;983.45
30.06.03;975.32
01.07.03;985.82
02.07.03;976.22
03.07.03;974.50
04.07.03;974.50
07.07.03;982.32
08.07.03;993.75
09.07.03;985.70
10.07.03;1004.42
11.07.03;1007.84
14.07.03;1002.21
15.07.03;988.70
16.07.03;998.14
17.07.03;1003.86
18.07.03;1000.42
21.07.03;994.09
22.07.03;981.73
23.07.03;993.32
24.07.03;978.80
25.07.03;988.11
28.07.03;988.61
29.07.03;981.60
30.07.03;998.68
31.07.03;996.52
01.08.03;989.28
04.08.03;987.49
05.08.03;990.31
06.08.03;980.15
07.08.03;982.82
08.08.03;965.46
11.08.03;967.08
12.08.03;974.12
13.08.03;977.59
14.08.03;980.59
15.08.03;990.35
18.08.03;984.03
19.08.03;990.51
20.08.03;990.67
21.08.03;999.74
22.08.03;1002.35
25.08.03;1000.30
26.08.03;1003.27
27.08.03;993.06
28.08.03;993.71
29.08.03;996.73
01.09.03;996.73
02.09.03;996.79
03.09.03;1002.84
04.09.03;1008.01
05.09.03;1021.99
08.09.03;1026.27
09.09.03;1027.97
10.09.03;1021.39
11.09.03;1031.64
12.09.03;1023.17
15.09.03;1010.92
16.09.03;1016.42
17.09.03;1018.63
18.09.03;1014.81
19.09.03;1029.32
22.09.03;1025.97
23.09.03;1039.58
24.09.03;1036.30
25.09.03;1022.82
26.09.03;1029.03
29.09.03;1009.38
30.09.03;1003.27
01.10.03;996.85
02.10.03;1006.58
03.10.03;995.97
06.10.03;1018.22
07.10.03;1020.24
08.10.03;1029.85
09.10.03;1034.35
10.10.03;1039.25
13.10.03;1033.78
14.10.03;1038.73
15.10.03;1038.06
16.10.03;1045.35
17.10.03;1049.48
20.10.03;1046.76
21.10.03;1050.07
22.10.03;1039.32
23.10.03;1044.68
24.10.03;1046.03
27.10.03;1030.36
28.10.03;1033.77
29.10.03;1028.91
30.10.03;1031.13
31.10.03;1046.79
03.11.03;1048.11
04.11.03;1046.94
05.11.03;1050.71
06.11.03;1059.02
07.11.03;1053.25
10.11.03;1051.81
11.11.03;1058.05
12.11.03;1053.21
13.11.03;1047.11
14.11.03;1046.57
17.11.03;1058.53
18.11.03;1058.41
19.11.03;1050.35
20.11.03;1043.63
21.11.03;1034.15
24.11.03;1042.44
25.11.03;1033.65
26.11.03;1035.28
27.11.03;1035.28
28.11.03;1052.08
01.12.03;1053.89
02.12.03;1058.45
03.12.03;1058.20
04.12.03;1070.12
05.12.03;1066.62
08.12.03;1064.73
09.12.03;1069.72
10.12.03;1061.50
11.12.03;1069.30
12.12.03;1060.18
15.12.03;1059.05
16.12.03;1071.21
17.12.03;1074.14
18.12.03;1068.04
19.12.03;1075.13
22.12.03;1076.48
23.12.03;1089.18
24.12.03;1088.66
25.12.03;1088.66
26.12.03;1092.94
29.12.03;1096.02
30.12.03;1094.04
31.12.03;1095.89
31.12.03;1095.89
01.01.04;1095.89
02.01.04;1109.48
05.01.04;1109.64
06.01.04;1111.92
07.01.04;1108.48
08.01.04;1122.22
09.01.04;1123.67
12.01.04;1126.33
13.01.04;1131.92
14.01.04;1121.86
15.01.04;1127.23
16.01.04;1121.22
19.01.04;1121.22
20.01.04;1130.52
21.01.04;1132.05
22.01.04;1139.83
23.01.04;1138.77
26.01.04;1147.62
27.01.04;1143.94
28.01.04;1141.55
29.01.04;1155.37
30.01.04;1144.05
02.02.04;1128.48
03.02.04;1134.11
04.02.04;1131.13
05.02.04;1135.26
06.02.04;1136.03
09.02.04;1126.52
10.02.04;1128.59
11.02.04;1142.76
12.02.04;1139.81
13.02.04;1145.54
16.02.04;1145.54
17.02.04;1157.76
18.02.04;1152.11
19.02.04;1145.81
20.02.04;1156.99
23.02.04;1151.82
24.02.04;1147.06
25.02.04;1144.11
26.02.04;1140.99
27.02.04;1139.09
01.03.04;1143.67
02.03.04;1144.91
03.03.04;1144.94
04.03.04;1155.97
05.03.04;1149.10
08.03.04;1151.03
09.03.04;1154.87
10.03.04;1156.86
11.03.04;1147.20
12.03.04;1140.58
15.03.04;1123.89
16.03.04;1106.78
17.03.04;1120.57
18.03.04;1104.49
19.03.04;1110.70
22.03.04;1123.75
23.03.04;1122.32
24.03.04;1109.78
25.03.04;1095.40
26.03.04;1093.95
29.03.04;1091.33
30.03.04;1109.19
31.03.04;1108.06
01.04.04;1122.47
02.04.04;1127.00
05.04.04;1126.21
06.04.04;1132.17
07.04.04;1141.81
08.04.04;1150.57
09.04.04;1150.57
12.04.04;1148.16
13.04.04;1140.53
14.04.04;1139.32
15.04.04;1145.20
16.04.04;1129.44
19.04.04;1128.17
20.04.04;1128.84
21.04.04;1134.61
22.04.04;1135.82
23.04.04;1118.15
26.04.04;1124.09
27.04.04;1139.93
28.04.04;1140.60
29.04.04;1135.53
30.04.04;1138.11
03.05.04;1122.41
04.05.04;1113.89
05.05.04;1107.30
06.05.04;1117.49
07.05.04;1119.55
10.05.04;1121.53
11.05.04;1113.99
12.05.04;1098.70
13.05.04;1087.12
14.05.04;1095.45
17.05.04;1097.28
18.05.04;1096.44
19.05.04;1095.70
20.05.04;1084.10
21.05.04;1091.49
24.05.04;1088.68
25.05.04;1089.19
26.05.04;1093.56
27.05.04;1095.41
28.05.04;1113.05
31.05.04;1113.05
01.06.04;1114.94
02.06.04;1121.28
03.06.04;1120.68
04.06.04;1121.20
07.06.04;1124.99
08.06.04;1116.64
09.06.04;1122.50
10.06.04;1140.42
11.06.04;1140.42
14.06.04;1142.18
15.06.04;1131.33
16.06.04;1136.47
17.06.04;1125.29
18.06.04;1132.01
21.06.04;1133.56
22.06.04;1132.05
23.06.04;1135.02
24.06.04;1130.30
25.06.04;1134.41
28.06.04;1144.06
29.06.04;1140.65
30.06.04;1134.43
01.07.04;1133.35
02.07.04;1136.20
05.07.04;1136.20
06.07.04;1140.84
07.07.04;1128.94
08.07.04;1125.38
09.07.04;1116.21
12.07.04;1118.33
13.07.04;1109.11
14.07.04;1112.81
15.07.04;1114.35
16.07.04;1115.14
19.07.04;1111.47
20.07.04;1106.69
21.07.04;1101.39
22.07.04;1100.90
23.07.04;1108.67
26.07.04;1093.88
27.07.04;1096.84
28.07.04;1086.20
29.07.04;1084.07
30.07.04;1094.83
02.08.04;1095.42
03.08.04;1100.43
04.08.04;1101.72
05.08.04;1106.62
06.08.04;1099.69
09.08.04;1098.63
10.08.04;1080.70
11.08.04;1063.97
12.08.04;1065.22
13.08.04;1079.04
16.08.04;1075.79
17.08.04;1063.23
18.08.04;1064.80
19.08.04;1079.34
20.08.04;1081.71
23.08.04;1095.17
24.08.04;1091.23
25.08.04;1098.35
26.08.04;1095.68
27.08.04;1096.19
30.08.04;1104.96
31.08.04;1105.09
01.09.04;1107.77
02.09.04;1099.15
03.09.04;1104.24
06.09.04;1104.24
07.09.04;1105.91
08.09.04;1118.31
09.09.04;1113.63
10.09.04;1121.30
13.09.04;1116.27
14.09.04;1118.38
15.09.04;1123.92
16.09.04;1125.82
17.09.04;1128.33
20.09.04;1120.37
21.09.04;1123.50
22.09.04;1128.55
23.09.04;1122.20
24.09.04;1129.30
27.09.04;1113.56
28.09.04;1108.36
29.09.04;1110.11
30.09.04;1103.52
01.10.04;1110.06
04.10.04;1114.80
05.10.04;1114.58
06.10.04;1131.50
07.10.04;1135.17
08.10.04;1134.48
11.10.04;1142.05
12.10.04;1130.65
13.10.04;1122.14
14.10.04;1124.39
15.10.04;1121.84
18.10.04;1113.65
19.10.04;1103.29
20.10.04;1108.20
21.10.04;1114.02
22.10.04;1103.23
25.10.04;1103.66
26.10.04;1106.49
27.10.04;1095.74
28.10.04;1094.80
29.10.04;1111.09
01.11.04;1125.40
02.11.04;1127.44
03.11.04;1130.20
04.11.04;1130.51
05.11.04;1130.56
08.11.04;1143.20
09.11.04;1161.67
10.11.04;1166.17
11.11.04;1164.89
12.11.04;1164.08
15.11.04;1162.91
16.11.04;1173.48
17.11.04;1184.17
18.11.04;1183.81
19.11.04;1175.43
22.11.04;1181.94
23.11.04;1183.55
24.11.04;1170.34
25.11.04;1170.34
26.11.04;1177.24
29.11.04;1176.94
30.11.04;1181.76
01.12.04;1182.65
02.12.04;1178.57
03.12.04;1173.82
06.12.04;1191.37
07.12.04;1190.33
08.12.04;1191.17
09.12.04;1190.25
10.12.04;1177.07
13.12.04;1182.81
14.12.04;1189.24
15.12.04;1188.00
16.12.04;1198.68
17.12.04;1203.38
20.12.04;1205.72
21.12.04;1203.21
22.12.04;1194.20
23.12.04;1194.65
24.12.04;1194.65
27.12.04;1205.45
28.12.04;1209.57
29.12.04;1210.13
30.12.04;1204.92
31.12.04;1213.54
03.01.05;1213.45
04.01.05;1213.55
05.01.05;1211.92
06.01.05;1202.08
07.01.05;1188.05
10.01.05;1183.74
11.01.05;1187.89
12.01.05;1186.19
13.01.05;1190.25
14.01.05;1182.99
17.01.05;1182.99
18.01.05;1187.70
19.01.05;1177.45
20.01.05;1184.52
21.01.05;1195.98
24.01.05;1184.63
25.01.05;1175.41
26.01.05;1167.87
27.01.05;1163.75
28.01.05;1168.41
31.01.05;1174.07
01.02.05;1174.55
02.02.05;1171.36
03.02.05;1181.27
04.02.05;1189.41
07.02.05;1193.19
08.02.05;1189.89
09.02.05;1203.03
10.02.05;1201.72
11.02.05;1202.30
14.02.05;1191.99
15.02.05;1197.01
16.02.05;1205.30
17.02.05;1206.14
18.02.05;1210.12
21.02.05;1210.12
22.02.05;1210.34
23.02.05;1200.75
24.02.05;1201.59
25.02.05;1184.16
28.02.05;1190.80
01.03.05;1200.20
02.03.05;1211.37
03.03.05;1203.60
04.03.05;1210.41
07.03.05;1210.08
08.03.05;1210.47
09.03.05;1222.12
10.03.05;1225.31
11.03.05;1219.43
14.03.05;1207.01
15.03.05;1209.25
16.03.05;1200.08
17.03.05;1206.83
18.03.05;1197.75
21.03.05;1188.07
22.03.05;1190.21
23.03.05;1189.65
24.03.05;1183.78
25.03.05;1183.78
28.03.05;1171.71
29.03.05;1172.53
30.03.05;1171.42
31.03.05;1174.28
01.04.05;1165.36
04.04.05;1181.41
05.04.05;1180.59
06.04.05;1172.92
07.04.05;1176.12
08.04.05;1181.39
11.04.05;1184.07
12.04.05;1191.14
13.04.05;1181.20
14.04.05;1181.21
15.04.05;1187.76
18.04.05;1173.79
19.04.05;1162.05
20.04.05;1142.62
21.04.05;1145.98
22.04.05;1152.78
25.04.05;1137.50
26.04.05;1159.95
27.04.05;1152.12
28.04.05;1162.10
29.04.05;1151.83
02.05.05;1156.38
03.05.05;1143.22
04.05.05;1156.85
05.05.05;1162.16
06.05.05;1161.17
09.05.05;1175.65
10.05.05;1172.63
11.05.05;1171.35
12.05.05;1178.84
13.05.05;1166.22
16.05.05;1171.11
17.05.05;1159.36
18.05.05;1154.05
19.05.05;1165.69
20.05.05;1173.80
23.05.05;1185.56
24.05.05;1191.08
25.05.05;1189.28
26.05.05;1193.86
27.05.05;1194.07
30.05.05;1194.07
31.05.05;1190.01
01.06.05;1197.62
02.06.05;1198.78
03.06.05;1191.50
06.06.05;1202.22
07.06.05;1204.29
08.06.05;1196.02
09.06.05;1197.51
10.06.05;1197.26
13.06.05;1194.67
14.06.05;1200.93
15.06.05;1198.11
16.06.05;1200.82
17.06.05;1203.91
20.06.05;1206.58
21.06.05;1210.96
22.06.05;1216.96
23.06.05;1216.10
24.06.05;1213.61
27.06.05;1213.88
28.06.05;1200.73
29.06.05;1191.57
30.06.05;1190.69
01.07.05;1201.57
04.07.05;1201.57
05.07.05;1199.85
06.07.05;1191.33
07.07.05;1194.44
08.07.05;1204.99
11.07.05;1194.94
12.07.05;1197.87
13.07.05;1211.86
14.07.05;1219.44
15.07.05;1222.21
18.07.05;1223.29
19.07.05;1226.50
20.07.05;1227.92
21.07.05;1221.13
22.07.05;1229.35
25.07.05;1235.20
26.07.05;1227.04
27.07.05;1233.68
28.07.05;1229.03
29.07.05;1231.16
01.08.05;1236.79
02.08.05;1243.72
03.08.05;1234.18
04.08.05;1235.35
05.08.05;1244.12
08.08.05;1245.04
09.08.05;1235.86
10.08.05;1226.42
11.08.05;1223.13
12.08.05;1231.38
15.08.05;1229.13
16.08.05;1237.81
17.08.05;1230.39
18.08.05;1233.87
19.08.05;1219.34
22.08.05;1220.24
23.08.05;1219.02
24.08.05;1219.71
25.08.05;1221.73
26.08.05;1217.59
29.08.05;1209.59
30.08.05;1212.37
31.08.05;1205.10
01.09.05;1212.28
02.09.05;1208.41
05.09.05;1208.41
06.09.05;1220.33
07.09.05;1221.59
08.09.05;1218.02
09.09.05;1233.39
12.09.05;1236.36
13.09.05;1231.67
14.09.05;1241.48
15.09.05;1240.56
16.09.05;1231.20
19.09.05;1227.16
20.09.05;1227.73
21.09.05;1237.91
22.09.05;1231.02
23.09.05;1221.34
26.09.05;1210.20
27.09.05;1214.62
28.09.05;1215.29
29.09.05;1215.63
30.09.05;1215.66
03.10.05;1216.89
04.10.05;1227.68
05.10.05;1228.81
06.10.05;1226.70
07.10.05;1214.47
10.10.05;1196.39
11.10.05;1191.49
12.10.05;1195.90
13.10.05;1187.33
14.10.05;1184.87
17.10.05;1177.68
18.10.05;1176.84
19.10.05;1186.57
20.10.05;1190.10
21.10.05;1178.14
24.10.05;1195.76
25.10.05;1177.80
26.10.05;1179.59
27.10.05;1199.38
28.10.05;1196.54
31.10.05;1191.38
01.11.05;1178.90
02.11.05;1198.41
03.11.05;1207.01
04.11.05;1202.76
07.11.05;1214.76
08.11.05;1219.94
09.11.05;1220.14
10.11.05;1222.81
11.11.05;1218.59
14.11.05;1220.65
15.11.05;1230.96
16.11.05;1234.72
17.11.05;1233.76
18.11.05;1229.01
21.11.05;1231.21
22.11.05;1242.80
23.11.05;1248.27
24.11.05;1248.27
25.11.05;1254.85
28.11.05;1261.23
29.11.05;1265.61
30.11.05;1268.25
01.12.05;1257.46
02.12.05;1257.48
05.12.05;1249.48
06.12.05;1264.67
07.12.05;1265.08
08.12.05;1262.09
09.12.05;1263.70
12.12.05;1257.37
13.12.05;1255.84
14.12.05;1259.37
15.12.05;1260.43
16.12.05;1267.43
19.12.05;1272.74
20.12.05;1270.94
21.12.05;1267.32
22.12.05;1259.92
23.12.05;1259.62
26.12.05;1259.62
27.12.05;1262.79
28.12.05;1268.12
29.12.05;1268.66
30.12.05;1256.54
01.01.06;1256.54
03.01.06;1258.17
04.01.06;1254.42
05.01.06;1248.29
06.01.06;1268.80
09.01.06;1273.46
10.01.06;1273.48
11.01.06;1285.45
12.01.06;1290.15
13.01.06;1289.69
16.01.06;1289.69
17.01.06;1294.18
18.01.06;1286.06
19.01.06;1287.61
20.01.06;1282.93
23.01.06;1277.93
24.01.06;1285.04
25.01.06;1261.49
26.01.06;1263.82
27.01.06;1266.86
30.01.06;1264.68
31.01.06;1273.83
01.02.06;1283.72
02.02.06;1285.19
03.02.06;1280.08
06.02.06;1282.46
07.02.06;1270.84
08.02.06;1264.03
09.02.06;1265.02
10.02.06;1254.78
13.02.06;1265.65
14.02.06;1263.78
15.02.06;1266.99
16.02.06;1262.86
17.02.06;1275.53
20.02.06;1275.53
21.02.06;1280.00
22.02.06;1289.38
23.02.06;1287.24
24.02.06;1283.03
27.02.06;1292.67
28.02.06;1287.79
01.03.06;1289.43
02.03.06;1294.12
03.03.06;1280.66
06.03.06;1291.24
07.03.06;1289.14
08.03.06;1287.23
09.03.06;1278.26
10.03.06;1275.88
13.03.06;1278.47
14.03.06;1272.23
15.03.06;1281.42
16.03.06;1284.13
17.03.06;1297.48
20.03.06;1303.02
21.03.06;1305.33
22.03.06;1307.25
23.03.06;1305.08
24.03.06;1297.23
27.03.06;1305.04
28.03.06;1301.67
29.03.06;1302.95
30.03.06;1301.61
31.03.06;1293.23
03.04.06;1302.89
04.04.06;1300.25
05.04.06;1294.87
06.04.06;1297.81
07.04.06;1305.93
10.04.06;1311.56
11.04.06;1309.04
12.04.06;1295.50
13.04.06;1296.62
14.04.06;1296.62
17.04.06;1286.57
18.04.06;1288.12
19.04.06;1289.12
20.04.06;1285.33
21.04.06;1307.28
24.04.06;1309.93
25.04.06;1311.46
26.04.06;1311.28
27.04.06;1308.11
28.04.06;1301.74
01.05.06;1305.41
02.05.06;1309.72
03.05.06;1310.61
04.05.06;1305.19
05.05.06;1313.21
08.05.06;1308.12
09.05.06;1312.25
10.05.06;1325.76
11.05.06;1324.66
12.05.06;1325.14
15.05.06;1322.85
16.05.06;1305.92
17.05.06;1291.24
18.05.06;1294.50
19.05.06;1292.08
22.05.06;1270.32
23.05.06;1261.81
24.05.06;1267.03
25.05.06;1262.07
26.05.06;1256.58
29.05.06;1256.58
30.05.06;1258.57
31.05.06;1272.88
01.06.06;1280.16
02.06.06;1259.87
05.06.06;1270.09
06.06.06;1285.71
07.06.06;1288.22
08.06.06;1265.29
09.06.06;1263.85
12.06.06;1256.15
13.06.06;1257.93
14.06.06;1252.30
15.06.06;1237.44
16.06.06;1223.69
19.06.06;1230.04
20.06.06;1256.16
21.06.06;1251.54
22.06.06;1240.13
23.06.06;1240.12
26.06.06;1252.20
27.06.06;1245.60
28.06.06;1244.50
29.06.06;1250.56
30.06.06;1239.20
03.07.06;1246.00
04.07.06;1246.00
05.07.06;1272.87
06.07.06;1270.20
07.07.06;1280.19
10.07.06;1270.91
11.07.06;1274.08
12.07.06;1265.48
13.07.06;1267.34
14.07.06;1272.43
17.07.06;1258.60
18.07.06;1242.28
19.07.06;1236.20
20.07.06;1234.49
21.07.06;1236.86
24.07.06;1259.81
25.07.06;1249.13
26.07.06;1240.29
27.07.06;1260.91
28.07.06;1268.88
31.07.06;1268.40
01.08.06;1263.20
02.08.06;1278.55
03.08.06;1276.66
04.08.06;1270.92
07.08.06;1277.41
08.08.06;1280.27
09.08.06;1279.36
10.08.06;1275.77
11.08.06;1271.48
14.08.06;1265.95
15.08.06;1271.81
16.08.06;1266.74
17.08.06;1268.21
18.08.06;1285.58
21.08.06;1295.43
22.08.06;1297.48
23.08.06;1302.30
24.08.06;1297.52
25.08.06;1298.82
28.08.06;1292.99
29.08.06;1296.06
30.08.06;1295.09
31.08.06;1301.78
01.09.06;1304.28
04.09.06;1305.37
05.09.06;1305.37
06.09.06;1303.82
07.09.06;1311.01
08.09.06;1313.25
11.09.06;1300.26
12.09.06;1294.02
13.09.06;1298.92
14.09.06;1299.54
15.09.06;1313.00
18.09.06;1318.07
19.09.06;1316.28
20.09.06;1319.66
21.09.06;1321.18
22.09.06;1317.64
25.09.06;1325.18
26.09.06;1318.03
27.09.06;1314.78
28.09.06;1326.37
29.09.06;1336.35
02.10.06;1336.59
03.10.06;1338.88
04.10.06;1335.85
05.10.06;1331.32
06.10.06;1334.11
09.10.06;1350.20
10.10.06;1353.22
11.10.06;1349.59
12.10.06;1350.66
13.10.06;1353.42
16.10.06;1349.95
17.10.06;1362.83
18.10.06;1365.62
19.10.06;1369.06
20.10.06;1364.05
23.10.06;1365.80
24.10.06;1366.96
25.10.06;1368.60
26.10.06;1377.02
27.10.06;1377.38
30.10.06;1382.22
31.10.06;1389.08
01.11.06;1377.34
02.11.06;1377.93
03.11.06;1377.94
06.11.06;1367.81
07.11.06;1367.34
08.11.06;1364.30
09.11.06;1379.78
10.11.06;1382.84
13.11.06;1385.72
14.11.06;1378.33
15.11.06;1380.90
16.11.06;1384.42
17.11.06;1393.22
20.11.06;1396.57
21.11.06;1399.76
22.11.06;1401.20
23.11.06;1401.20
24.11.06;1400.50
27.11.06;1402.81
28.11.06;1406.09
29.11.06;1400.95
30.11.06;1381.96
01.12.06;1386.72
04.12.06;1399.48
05.12.06;1400.63
06.12.06;1396.71
07.12.06;1409.12
08.12.06;1414.76
11.12.06;1412.90
12.12.06;1407.29
13.12.06;1409.84
14.12.06;1413.04
15.12.06;1411.56
18.12.06;1413.21
19.12.06;1425.49
20.12.06;1427.09
21.12.06;1422.48
22.12.06;1425.55
25.12.06;1425.55
26.12.06;1423.53
27.12.06;1418.30
28.12.06;1410.76
29.12.06;1416.90
01.01.07;1416.90
02.01.07;1416.90
03.01.07;1426.84
04.01.07;1424.73
05.01.07;1418.30
08.01.07;1416.60
09.01.07;1418.34
10.01.07;1409.71
11.01.07;1412.84
12.01.07;1412.11
15.01.07;1412.11
16.01.07;1414.85
17.01.07;1423.82
18.01.07;1430.73
19.01.07;1431.90
22.01.07;1430.62
23.01.07;1426.37
24.01.07;1430.50
25.01.07;1422.95
26.01.07;1427.99
29.01.07;1440.13
30.01.07;1423.90
31.01.07;1422.18
01.02.07;1420.62
02.02.07;1428.82
05.02.07;1438.24
06.02.07;1445.94
07.02.07;1448.39
08.02.07;1446.99
09.02.07;1448.00
12.02.07;1450.02
13.02.07;1448.31
14.02.07;1438.06
15.02.07;1433.37
16.02.07;1444.26
19.02.07;1444.26
20.02.07;1455.30
21.02.07;1456.81
22.02.07;1455.54
23.02.07;1459.68
26.02.07;1457.63
27.02.07;1456.38
28.02.07;1451.19
01.03.07;1449.37
02.03.07;1399.04
05.03.07;1406.82
06.03.07;1403.17
07.03.07;1387.17
08.03.07;1374.12
09.03.07;1395.41
12.03.07;1391.97
13.03.07;1401.89
14.03.07;1402.84
15.03.07;1406.60
16.03.07;1377.95
19.03.07;1387.17
20.03.07;1392.28
21.03.07;1386.95
22.03.07;1402.06
23.03.07;1410.94
26.03.07;1435.04
27.03.07;1434.54
28.03.07;1436.11
29.03.07;1437.50
30.03.07;1428.61
02.04.07;1417.23
03.04.07;1422.53
04.04.07;1420.86
05.04.07;1424.55
06.04.07;1424.55
09.04.07;1437.77
10.04.07;1439.37
11.04.07;1443.76
12.04.07;1444.61
13.04.07;1448.39
16.04.07;1438.87
17.04.07;1447.80
18.04.07;1452.85
19.04.07;1468.33
20.04.07;1471.48
23.04.07;1472.50
24.04.07;1470.73
25.04.07;1484.35
26.04.07;1480.93
27.04.07;1480.41
30.04.07;1495.42
01.05.07;1494.25
02.05.07;1494.07
03.05.07;1482.37
04.05.07;1486.30
07.05.07;1495.92
08.05.07;1502.39
09.05.07;1505.62
10.05.07;1509.48
11.05.07;1507.72
14.05.07;1512.58
15.05.07;1491.47
16.05.07;1505.85
17.05.07;1503.15
18.05.07;1501.19
21.05.07;1514.14
22.05.07;1512.75
23.05.07;1522.75
24.05.07;1525.10
25.05.07;1524.12
28.05.07;1524.12
29.05.07;1522.28
30.05.07;1507.51
31.05.07;1515.73
01.06.07;1518.11
04.06.07;1530.23
05.06.07;1530.62
06.06.07;1536.34
07.06.07;1539.18
08.06.07;1530.95
11.06.07;1517.38
12.06.07;1490.72
13.06.07;1507.67
14.06.07;1509.12
15.06.07;1493.00
18.06.07;1515.67
19.06.07;1522.97
20.06.07;1532.91
21.06.07;1531.05
22.06.07;1533.70
25.06.07;1512.84
26.06.07;1522.19
27.06.07;1502.56
28.06.07;1497.74
29.06.07;1492.89
02.07.07;1506.34
03.07.07;1505.71
04.07.07;1505.71
05.07.07;1503.35
06.07.07;1519.43
09.07.07;1524.87
10.07.07;1525.40
11.07.07;1530.44
12.07.07;1531.85
13.07.07;1510.12
16.07.07;1518.76
17.07.07;1547.70
18.07.07;1552.50
19.07.07;1549.52
20.07.07;1549.37
23.07.07;1546.17
24.07.07;1553.08
25.07.07;1534.10
26.07.07;1541.57
27.07.07;1511.04
30.07.07;1518.09
31.07.07;1482.66
01.08.07;1458.95
02.08.07;1473.91
03.08.07;1455.27
06.08.07;1465.81
07.08.07;1472.20
08.08.07;1433.06
09.08.07;1467.67
10.08.07;1476.71
13.08.07;1497.49
14.08.07;1453.09
15.08.07;1453.64
16.08.07;1452.92
17.08.07;1426.54
20.08.07;1406.70
21.08.07;1411.27
22.08.07;1445.94
23.08.07;1445.55
24.08.07;1447.12
27.08.07;1464.07
28.08.07;1462.50
29.08.07;1479.37
30.08.07;1466.79
31.08.07;1432.36
03.09.07;1482.66
04.09.07;1463.76
05.09.07;1457.64
06.09.07;1473.99
07.09.07;1489.42
10.09.07;1472.29
11.09.07;1478.55
12.09.07;1453.55
13.09.07;1451.70
14.09.07;1471.49
17.09.07;1471.56
18.09.07;1483.95
19.09.07;1484.25
20.09.07;1476.65
21.09.07;1519.78
24.09.07;1529.03
25.09.07;1518.75
26.09.07;1525.75
27.09.07;1517.73
28.09.07;1517.21
01.10.07;1525.42
02.10.07;1531.38
03.10.07;1526.75
04.10.07;1547.04
05.10.07;1546.63
08.10.07;1539.59
09.10.07;1542.84
10.10.07;1557.59
11.10.07;1552.58
12.10.07;1565.15
15.10.07;1562.47
16.10.07;1554.41
17.10.07;1561.80
18.10.07;1548.71
19.10.07;1538.53
22.10.07;1541.24
23.10.07;1540.08
24.10.07;1500.63
25.10.07;1506.33
26.10.07;1519.59
29.10.07;1515.88
30.10.07;1514.40
31.10.07;1535.28
01.11.07;1540.98
02.11.07;1531.02
05.11.07;1549.38
06.11.07;1508.44
07.11.07;1509.65
08.11.07;1502.17
09.11.07;1520.27
12.11.07;1475.62
13.11.07;1474.77
14.11.07;1453.70
15.11.07;1439.18
16.11.07;1481.05
19.11.07;1470.58
20.11.07;1451.15
21.11.07;1458.74
22.11.07;1458.74
23.11.07;1433.27
26.11.07;1439.70
27.11.07;1416.77
28.11.07;1440.70
29.11.07;1407.22
30.11.07;1428.23
03.12.07;1469.02
04.12.07;1469.72
05.12.07;1481.14
06.12.07;1472.42
07.12.07;1462.79
10.12.07;1485.01
11.12.07;1507.34
12.12.07;1504.66
13.12.07;1515.96
14.12.07;1477.65
17.12.07;1486.59
18.12.07;1488.41
19.12.07;1467.95
20.12.07;1445.90
21.12.07;1454.98
24.12.07;1453.00
25.12.07;1453.00
26.12.07;1460.12
27.12.07;1484.46
28.12.07;1496.45
31.12.07;1497.66
01.01.08;1497.66
02.01.08;1476.27
03.01.08;1478.49
04.01.08;1468.36
07.01.08;1447.16
08.01.08;1447.16
09.01.08;1411.63
10.01.08;1416.18
11.01.08;1390.19
14.01.08;1409.13
15.01.08;1420.33
16.01.08;1401.02
17.01.08;1416.25
18.01.08;1380.95
21.01.08;1380.95
22.01.08;1373.20
23.01.08;1333.25
24.01.08;1325.19
25.01.08;1310.50
28.01.08;1338.60
29.01.08;1352.07
30.01.08;1330.61
31.01.08;1353.96
01.02.08;1362.30
04.02.08;1355.81
05.02.08;1378.55
06.02.08;1395.42
07.02.08;1380.82
08.02.08;1336.64
11.02.08;1326.45
12.02.08;1336.91
13.02.08;1331.29
14.02.08;1339.13
15.02.08;1348.86
18.02.08;1348.86
19.02.08;1367.21
20.02.08;1348.86
21.02.08;1349.99
22.02.08;1348.78
25.02.08;1360.03
26.02.08;1342.53
27.02.08;1353.11
28.02.08;1371.80
29.02.08;1381.29
03.03.08;1380.02
04.03.08;1367.68
05.03.08;1330.63
06.03.08;1331.34
07.03.08;1326.75
10.03.08;1333.70
11.03.08;1304.34
12.03.08;1293.37
13.03.08;1273.37
14.03.08;1320.65
17.03.08;1308.77
18.03.08;1315.48
19.03.08;1288.14
20.03.08;1276.60
21.03.08;1276.60
24.03.08;1330.74
25.03.08;1298.42
26.03.08;1329.51
27.03.08;1349.88
28.03.08;1352.99
31.03.08;1341.13
01.04.08;1325.76
02.04.08;1315.22
03.04.08;1322.70
04.04.08;1370.18
07.04.08;1367.53
08.04.08;1369.31
09.04.08;1370.40
10.04.08;1372.54
11.04.08;1365.54
14.04.08;1354.49
15.04.08;1360.55
16.04.08;1332.83
17.04.08;1328.32
18.04.08;1334.43
21.04.08;1364.71
22.04.08;1365.56
23.04.08;1390.33
24.04.08;1388.17
25.04.08;1375.94
28.04.08;1379.93
29.04.08;1388.82
30.04.08;1397.84
01.05.08;1396.37
02.05.08;1390.94
05.05.08;1385.59
06.05.08;1409.34
07.05.08;1413.90
08.05.08;1407.49
09.05.08;1418.26
12.05.08;1392.57
13.05.08;1397.68
14.05.08;1388.28
15.05.08;1403.58
16.05.08;1403.04
19.05.08;1408.66
20.05.08;1423.57
21.05.08;1425.35
22.05.08;1426.63
23.05.08;1413.40
26.05.08;1413.40
27.05.08;1390.71
28.05.08;1394.35
29.05.08;1375.93
30.05.08;1385.35
02.06.08;1390.84
03.06.08;1398.26
04.06.08;1400.38
05.06.08;1385.67
06.06.08;1377.65
09.06.08;1377.20
10.06.08;1404.05
11.06.08;1360.68
12.06.08;1361.76
13.06.08;1358.44
16.06.08;1335.49
17.06.08;1339.87
18.06.08;1360.03
19.06.08;1360.14
20.06.08;1350.93
23.06.08;1337.81
24.06.08;1342.83
25.06.08;1317.93
26.06.08;1318.00
27.06.08;1314.29
30.06.08;1321.97
01.07.08;1283.15
02.07.08;1278.38
03.07.08;1280.00
04.07.08;1280.00
07.07.08;1284.91
08.07.08;1261.52
09.07.08;1262.90
10.07.08;1252.31
11.07.08;1273.70
14.07.08;1244.69
15.07.08;1253.39
16.07.08;1239.49
17.07.08;1228.30
18.07.08;1214.91
21.07.08;1245.36
22.07.08;1260.32
23.07.08;1260.68
24.07.08;1260.00
25.07.08;1277.00
28.07.08;1282.19
29.07.08;1252.54
30.07.08;1257.76
31.07.08;1234.37
01.08.08;1263.20
04.08.08;1284.26
05.08.08;1267.38
06.08.08;1260.31
07.08.08;1249.01
08.08.08;1284.88
11.08.08;1289.19
12.08.08;1266.07
13.08.08;1296.32
14.08.08;1305.32
15.08.08;1289.59
18.08.08;1285.83
19.08.08;1292.93
20.08.08;1298.20
21.08.08;1278.60
22.08.08;1266.69
25.08.08;1274.54
26.08.08;1277.72
27.08.08;1292.20
28.08.08;1266.84
29.08.08;1271.51
01.09.08;1234.37
02.09.08;1281.66
03.09.08;1300.68
04.09.08;1282.83
05.09.08;1277.58
08.09.08;1274.98
09.09.08;1236.83
10.09.08;1242.31
11.09.08;1267.79
12.09.08;1224.51
15.09.08;1232.04
16.09.08;1249.05
17.09.08;1251.70
18.09.08;1192.70
19.09.08;1213.60
22.09.08;1156.39
23.09.08;1206.51
24.09.08;1255.08
25.09.08;1207.09
26.09.08;1188.22
29.09.08;1185.87
30.09.08;1209.18
01.10.08;1213.27
02.10.08;1106.42
03.10.08;1166.36
06.10.08;1161.06
07.10.08;1114.28
08.10.08;1099.23
09.10.08;1056.89
10.10.08;996.23
13.10.08;984.94
14.10.08;909.92
15.10.08;899.22
16.10.08;1003.35
17.10.08;998.01
20.10.08;907.84
21.10.08;946.43
22.10.08;940.55
23.10.08;985.40
24.10.08;955.05
27.10.08;896.78
28.10.08;908.11
29.10.08;876.77
30.10.08;848.92
31.10.08;940.51
03.11.08;930.09
04.11.08;954.09
05.11.08;968.75
06.11.08;966.30
07.11.08;1005.75
10.11.08;952.77
11.11.08;904.88
12.11.08;930.99
13.11.08;919.21
14.11.08;898.95
17.11.08;852.30
18.11.08;911.29
19.11.08;873.29
20.11.08;850.75
21.11.08;859.12
24.11.08;806.58
25.11.08;752.44
26.11.08;800.03
27.11.08;800.03
28.11.08;851.81
01.12.08;857.39
02.12.08;887.68
03.12.08;896.24
04.12.08;816.21
05.12.08;848.81
08.12.08;870.74
09.12.08;845.22
10.12.08;876.07
11.12.08;909.70
12.12.08;888.67
15.12.08;899.24
16.12.08;873.59
17.12.08;879.73
18.12.08;868.57
19.12.08;913.18
22.12.08;904.42
23.12.08;885.28
24.12.08;887.88
25.12.08;887.88
26.12.08;871.63
29.12.08;863.16
30.12.08;868.15
31.12.08;872.80
01.01.09;872.80
02.01.09;869.42
05.01.09;890.64
06.01.09;903.25
07.01.09;931.80
08.01.09;927.45
09.01.09;934.70
12.01.09;906.65
13.01.09;909.73
14.01.09;890.35
15.01.09;870.26
16.01.09;871.79
19.01.09;871.79
20.01.09;842.62
21.01.09;843.74
22.01.09;850.12
23.01.09;805.22
26.01.09;840.24
27.01.09;827.50
28.01.09;831.95
29.01.09;836.57
30.01.09;845.71
02.02.09;874.09
03.02.09;845.14
04.02.09;825.88
05.02.09;825.44
06.02.09;838.51
09.02.09;832.23
10.02.09;845.85
11.02.09;868.60
12.02.09;869.89
13.02.09;827.16
16.02.09;827.16
17.02.09;833.74
18.02.09;835.19
19.02.09;826.84
20.02.09;789.17
23.02.09;788.42
24.02.09;778.94
25.02.09;770.05
26.02.09;743.33
27.02.09;773.14
02.03.09;764.90
03.03.09;752.83
04.03.09;735.09
05.03.09;700.82
06.03.09;696.33
09.03.09;712.87
10.03.09;682.55
11.03.09;683.38
12.03.09;676.53
13.03.09;719.60
16.03.09;721.36
17.03.09;750.74
18.03.09;756.55
19.03.09;753.89
20.03.09;778.12
23.03.09;794.35
24.03.09;784.04
25.03.09;768.54
26.03.09;822.92
27.03.09;806.12
30.03.09;813.88
31.03.09;832.86
01.04.09;815.94
02.04.09;787.53
03.04.09;797.87
06.04.09;811.08
07.04.09;834.38
08.04.09;842.50
09.04.09;835.48
10.04.09;835.48
13.04.09;815.55
14.04.09;825.16
15.04.09;856.56
16.04.09;858.73
17.04.09;841.50
20.04.09;852.06
21.04.09;865.30
22.04.09;869.60
23.04.09;832.39
24.04.09;850.08
27.04.09;843.55
28.04.09;851.92
29.04.09;866.23
30.04.09;857.51
01.05.09;855.16
04.05.09;873.64
05.05.09;872.81
06.05.09;877.52
07.05.09;907.24
08.05.09;903.80
11.05.09;919.53
12.05.09;907.39
13.05.09;929.23
14.05.09;909.24
15.05.09;908.35
18.05.09;883.92
19.05.09;893.07
20.05.09;882.88
21.05.09;909.71
22.05.09;908.13
25.05.09;908.13
26.05.09;903.47
27.05.09;888.33
28.05.09;887.00
29.05.09;910.33
01.06.09;893.06
02.06.09;906.83
03.06.09;919.14
04.06.09;942.87
05.06.09;944.74
08.06.09;931.76
09.06.09;942.46
10.06.09;940.09
11.06.09;939.14
12.06.09;942.43
15.06.09;939.15
16.06.09;944.89
17.06.09;946.21
18.06.09;923.72
19.06.09;911.97
22.06.09;910.71
23.06.09;918.37
24.06.09;921.23
25.06.09;893.04
26.06.09;895.10
29.06.09;900.94
30.06.09;920.26
01.07.09;918.90
02.07.09;927.23
03.07.09;927.23
06.07.09;919.32
07.07.09;923.33
08.07.09;896.42
09.07.09;898.72
10.07.09;881.03
13.07.09;879.56
14.07.09;882.68
15.07.09;879.13
16.07.09;901.05
17.07.09;905.84
20.07.09;932.68
21.07.09;940.74
22.07.09;940.38
23.07.09;951.13
24.07.09;954.58
27.07.09;954.07
28.07.09;976.29
29.07.09;979.26
30.07.09;982.18
31.07.09;979.62
03.08.09;975.15
04.08.09;986.75
05.08.09;987.48
06.08.09;1002.63
07.08.09;1005.65
10.08.09;1002.72
11.08.09;997.08
12.08.09;1010.48
13.08.09;1007.10
14.08.09;994.35
17.08.09;1005.81
18.08.09;1012.73
19.08.09;1004.09
20.08.09;979.73
21.08.09;989.67
24.08.09;996.46
25.08.09;1007.37
26.08.09;1026.13
27.08.09;1025.57
28.08.09;1028.00
31.08.09;1028.12
01.09.09;1030.98
02.09.09;1028.93
03.09.09;1020.62
04.09.09;998.04
07.09.09;998.04
08.09.09;994.75
09.09.09;1003.24
10.09.09;1016.40
11.09.09;1025.39
14.09.09;1033.37
15.09.09;1044.14
16.09.09;1042.73
17.09.09;1049.34
18.09.09;1052.63
21.09.09;1068.76
22.09.09;1065.49
23.09.09;1068.30
24.09.09;1064.66
25.09.09;1071.66
28.09.09;1060.87
29.09.09;1050.78
30.09.09;1044.38
01.10.09;1062.98
02.10.09;1060.61
05.10.09;1057.08
06.10.09;1029.85
07.10.09;1025.21
08.10.09;1040.46
09.10.09;1054.72
12.10.09;1057.58
13.10.09;1065.48
14.10.09;1071.49
15.10.09;1076.19
16.10.09;1073.19
19.10.09;1092.02
20.10.09;1096.56
21.10.09;1087.68
22.10.09;1097.91
23.10.09;1091.06
26.10.09;1081.40
27.10.09;1092.91
28.10.09;1079.60
29.10.09;1066.95
30.10.09;1063.41
02.11.09;1042.63
03.11.09;1066.11
04.11.09;1036.19
05.11.09;1042.88
06.11.09;1045.41
09.11.09;1046.50
10.11.09;1066.63
11.11.09;1069.30
12.11.09;1093.08
13.11.09;1093.01
16.11.09;1098.51
17.11.09;1087.24
18.11.09;1093.48
19.11.09;1109.30
20.11.09;1110.32
23.11.09;1109.80
24.11.09;1094.90
25.11.09;1091.38
26.11.09;1091.38
27.11.09;1106.24
30.11.09;1105.65
01.12.09;1110.63
02.12.09;1091.49
03.12.09;1095.63
04.12.09;1108.86
07.12.09;1109.24
08.12.09;1099.92
09.12.09;1105.98
10.12.09;1103.25
11.12.09;1091.94
14.12.09;1095.95
15.12.09;1102.35
16.12.09;1106.41
17.12.09;1114.11
18.12.09;1107.93
21.12.09;1109.18
22.12.09;1096.08
23.12.09;1102.47
24.12.09;1114.05
25.12.09;1114.05
28.12.09;1118.02
29.12.09;1120.59
30.12.09;1126.48
31.12.09;1127.78
01.01.10;1127.78
04.01.10;1126.20
05.01.10;1126.42
06.01.10;1115.10
07.01.10;1132.99
08.01.10;1136.52
11.01.10;1137.14
12.01.10;1141.69
13.01.10;1144.98
14.01.10;1146.98
15.01.10;1136.22
18.01.10;1136.22
19.01.10;1145.68
20.01.10;1148.46
21.01.10;1136.03
22.01.10;1150.23
25.01.10;1138.04
26.01.10;1116.48
27.01.10;1091.76
28.01.10;1096.78
29.01.10;1092.17
01.02.10;1097.50
02.02.10;1084.53
03.02.10;1073.87
04.02.10;1089.19
05.02.10;1103.32
08.02.10;1097.28
09.02.10;1063.11
10.02.10;1066.19
11.02.10;1056.74
12.02.10;1070.52
15.02.10;1070.52
16.02.10;1068.13
17.02.10;1078.47
18.02.10;1075.51
19.02.10;1094.87
22.02.10;1099.51
23.02.10;1106.75
24.02.10;1109.17
25.02.10;1108.01
26.02.10;1094.60
01.03.10;1105.24
02.03.10;1102.94
03.03.10;1104.49
04.03.10;1115.71
05.03.10;1118.31
08.03.10;1118.79
09.03.10;1122.97
10.03.10;1138.70
11.03.10;1138.50
12.03.10;1140.45
15.03.10;1145.61
16.03.10;1150.24
17.03.10;1149.99
18.03.10;1150.51
19.03.10;1159.46
22.03.10;1166.21
23.03.10;1165.83
24.03.10;1159.90
25.03.10;1165.81
26.03.10;1174.17
29.03.10;1167.72
30.03.10;1165.73
31.03.10;1166.59
01.04.10;1173.22
02.04.10;1173.22
05.04.10;1173.27
06.04.10;1169.43
07.04.10;1178.10
08.04.10;1187.44
09.04.10;1189.44
12.04.10;1182.45
13.04.10;1186.44
14.04.10;1194.37
15.04.10;1196.48
16.04.10;1197.30
19.04.10;1210.65
20.04.10;1211.67
21.04.10;1192.13
22.04.10;1197.52
23.04.10;1207.17
26.04.10;1205.94
27.04.10;1208.67
28.04.10;1217.28
29.04.10;1212.05
30.04.10;1183.71
03.05.10;1191.36
04.05.10;1206.78
05.05.10;1186.69
06.05.10;1202.26
07.05.10;1173.60
10.05.10;1165.87
11.05.10;1128.15
12.05.10;1110.88
13.05.10;1159.73
14.05.10;1155.79
17.05.10;1171.67
18.05.10;1157.44
19.05.10;1135.68
20.05.10;1136.94
21.05.10;1120.80
24.05.10;1115.05
25.05.10;1071.59
26.05.10;1087.69
27.05.10;1073.65
28.05.10;1074.03
31.05.10;1074.03
01.06.10;1067.95
02.06.10;1103.06
03.06.10;1089.41
04.06.10;1070.71
07.06.10;1098.38
08.06.10;1102.83
09.06.10;1064.88
10.06.10;1050.47
11.06.10;1062.00
14.06.10;1055.69
15.06.10;1086.84
16.06.10;1091.60
17.06.10;1089.63
18.06.10;1115.23
21.06.10;1114.61
22.06.10;1116.04
23.06.10;1117.51
24.06.10;1113.20
25.06.10;1095.31
28.06.10;1092.04
29.06.10;1073.69
30.06.10;1076.76
01.07.10;1074.57
02.07.10;1041.24
05.07.10;1041.24
06.07.10;1030.71
07.07.10;1027.37
08.07.10;1022.58
09.07.10;1028.06
12.07.10;1060.27
13.07.10;1070.25
14.07.10;1077.96
15.07.10;1078.75
16.07.10;1095.34
19.07.10;1095.17
20.07.10;1096.48
21.07.10;1064.88
22.07.10;1071.25
23.07.10;1083.48
26.07.10;1069.59
27.07.10;1093.67
28.07.10;1102.66
29.07.10;1115.01
30.07.10;1113.84
02.08.10;1106.13
03.08.10;1101.53
04.08.10;1101.60
05.08.10;1125.86
06.08.10;1120.46
09.08.10;1127.24
10.08.10;1125.81
11.08.10;1121.64
12.08.10;1127.79
13.08.10;1121.06
16.08.10;1089.47
17.08.10;1083.61
18.08.10;1079.25
19.08.10;1079.38
20.08.10;1092.54
23.08.10;1094.16
24.08.10;1075.63
25.08.10;1071.69
26.08.10;1067.36
27.08.10;1051.87
30.08.10;1055.33
31.08.10;1047.22
01.09.10;1064.59
02.09.10;1048.92
03.09.10;1049.33
06.09.10;1049.33
07.09.10;1080.29
08.09.10;1090.10
09.09.10;1104.51
10.09.10;1091.84
13.09.10;1098.87
14.09.10;1104.18
15.09.10;1109.55
16.09.10;1121.90
17.09.10;1121.10
20.09.10;1125.07
21.09.10;1124.66
22.09.10;1125.59
23.09.10;1142.71
24.09.10;1139.78
27.09.10;1134.28
28.09.10;1124.83
29.09.10;1148.67
30.09.10;1142.16
01.10.10;1147.70
04.10.10;1144.73
05.10.10;1141.20
06.10.10;1146.24
07.10.10;1137.03
08.10.10;1160.75
11.10.10;1159.97
12.10.10;1158.06
13.10.10;1165.15
14.10.10;1165.32
15.10.10;1169.77
18.10.10;1178.10
19.10.10;1173.81
20.10.10;1176.19
21.10.10;1184.71
22.10.10;1165.90
25.10.10;1178.17
26.10.10;1180.26
27.10.10;1183.08
28.10.10;1185.62
29.10.10;1185.64
01.11.10;1182.45
02.11.10;1183.78
03.11.10;1183.26
04.11.10;1184.38
05.11.10;1193.57
08.11.10;1197.96
09.11.10;1221.06
10.11.10;1225.85
11.11.10;1223.25
12.11.10;1213.40
15.11.10;1218.71
16.11.10;1213.54
17.11.10;1199.21
18.11.10;1197.75
19.11.10;1178.34
22.11.10;1178.59
23.11.10;1196.69
24.11.10;1199.73
25.11.10;1199.73
26.11.10;1197.84
29.11.10;1180.73
30.11.10;1198.35
01.12.10;1189.40
02.12.10;1187.76
03.12.10;1180.55
06.12.10;1206.07
07.12.10;1221.53
08.12.10;1224.71
09.12.10;1223.12
10.12.10;1223.75
13.12.10;1228.28
14.12.10;1233.00
15.12.10;1240.40
16.12.10;1240.46
17.12.10;1241.59
20.12.10;1235.23
21.12.10;1242.87
22.12.10;1243.91
23.12.10;1247.08
24.12.10;1247.08
27.12.10;1254.60
28.12.10;1258.84
29.12.10;1256.77
30.12.10;1257.54
31.12.10;1258.51
03.01.11;1259.78
04.01.11;1257.88
05.01.11;1257.64
06.01.11;1271.87
07.01.11;1270.20
10.01.11;1276.56
11.01.11;1273.85
12.01.11;1271.50
13.01.11;1269.75
14.01.11;1274.48
17.01.11;1274.48
18.01.11;1285.96
19.01.11;1283.76
20.01.11;1293.24
21.01.11;1295.02
24.01.11;1281.92
25.01.11;1280.26
26.01.11;1283.35
27.01.11;1290.84
28.01.11;1291.18
31.01.11;1296.63
01.02.11;1299.54
02.02.11;1276.34
03.02.11;1286.12
04.02.11;1307.59
07.02.11;1304.03
08.02.11;1307.10
09.02.11;1310.87
10.02.11;1319.05
11.02.11;1324.57
14.02.11;1320.88
15.02.11;1321.87
16.02.11;1329.15
17.02.11;1332.32
18.02.11;1328.01
21.02.11;1328.01
22.02.11;1336.32
23.02.11;1340.43
24.02.11;1343.01
25.02.11;1315.44
28.02.11;1307.40
01.03.11;1306.10
02.03.11;1319.88
03.03.11;1327.22
04.03.11;1306.33
07.03.11;1308.44
08.03.11;1330.97
09.03.11;1321.15
10.03.11;1310.13
11.03.11;1321.82
14.03.11;1320.02
15.03.11;1295.11
16.03.11;1304.28
17.03.11;1296.39
18.03.11;1281.87
21.03.11;1256.88
22.03.11;1273.72
23.03.11;1279.21
24.03.11;1298.38
25.03.11;1293.77
28.03.11;1297.54
29.03.11;1309.66
30.03.11;1313.80
31.03.11;1310.19
01.04.11;1319.44
04.04.11;1328.26
05.04.11;1325.83
06.04.11;1332.41
07.04.11;1332.87
08.04.11;1332.63
11.04.11;1335.54
12.04.11;1333.51
13.04.11;1328.17
14.04.11;1324.46
15.04.11;1314.16
18.04.11;1314.41
19.04.11;1314.52
20.04.11;1319.68
21.04.11;1305.14
22.04.11;1305.14
25.04.11;1312.62
26.04.11;1330.36
27.04.11;1337.38
28.04.11;1335.25
29.04.11;1347.24
02.05.11;1355.66
03.05.11;1360.48
04.05.11;1363.61
05.05.11;1361.22
06.05.11;1356.62
09.05.11;1347.32
10.05.11;1335.10
11.05.11;1340.20
12.05.11;1346.29
13.05.11;1357.16
16.05.11;1342.08
17.05.11;1348.65
18.05.11;1337.77
19.05.11;1329.47
20.05.11;1328.98
23.05.11;1340.68
24.05.11;1343.60
25.05.11;1333.27
26.05.11;1317.37
27.05.11;1316.28
30.05.11;1316.28
31.05.11;1320.47
01.06.11;1325.69
02.06.11;1331.10
03.06.11;1345.20
06.06.11;1314.55
07.06.11;1312.94
08.06.11;1300.16
09.06.11;1286.17
10.06.11;1284.94
13.06.11;1279.56
14.06.11;1289.00
15.06.11;1270.98
16.06.11;1271.83
17.06.11;1287.87
20.06.11;1265.42
21.06.11;1267.64
22.06.11;1271.50
23.06.11;1278.36
24.06.11;1295.52
27.06.11;1287.14
28.06.11;1283.50
29.06.11;1268.45
30.06.11;1280.10
01.07.11;1296.67
04.07.11;1296.67
05.07.11;1307.41
06.07.11;1320.64
07.07.11;1339.67
08.07.11;1337.88
11.07.11;1339.22
12.07.11;1353.22
13.07.11;1343.80
14.07.11;1319.49
15.07.11;1313.64
18.07.11;1317.72
19.07.11;1308.87
20.07.11;1316.14
21.07.11;1305.44
22.07.11;1326.73
25.07.11;1325.84
26.07.11;1343.80
27.07.11;1345.02
28.07.11;1337.43
29.07.11;1331.94
01.08.11;1304.89
02.08.11;1300.67
03.08.11;1292.28
04.08.11;1286.94
05.08.11;1254.05
08.08.11;1260.34
09.08.11;1200.07
10.08.11;1199.38
11.08.11;1119.46
12.08.11;1172.53
15.08.11;1120.76
16.08.11;1172.64
17.08.11;1178.81
18.08.11;1204.49
19.08.11;1192.76
22.08.11;1193.89
23.08.11;1140.65
24.08.11;1123.53
25.08.11;1123.82
26.08.11;1162.35
29.08.11;1177.60
30.08.11;1159.27
31.08.11;1176.80
01.09.11;1210.08
02.09.11;1212.92
05.09.11;1212.92
06.09.11;1218.89
07.09.11;1204.42
08.09.11;1173.97
09.09.11;1165.24
12.09.11;1198.62
13.09.11;1185.90
14.09.11;1154.23
15.09.11;1162.27
16.09.11;1172.87
19.09.11;1188.68
20.09.11;1209.11
21.09.11;1216.01
22.09.11;1204.09
23.09.11;1202.09
26.09.11;1166.76
27.09.11;1129.56
28.09.11;1136.43
29.09.11;1162.95
30.09.11;1175.38
03.10.11;1151.06
04.10.11;1160.40
05.10.11;1131.42
06.10.11;1099.23
07.10.11;1123.95
10.10.11;1144.03
11.10.11;1164.97
12.10.11;1155.46
13.10.11;1194.89
14.10.11;1195.54
17.10.11;1207.25
18.10.11;1203.66
19.10.11;1224.58
20.10.11;1200.86
21.10.11;1225.38
24.10.11;1209.88
25.10.11;1215.39
26.10.11;1238.25
27.10.11;1254.19
28.10.11;1229.05
31.10.11;1242.00
01.11.11;1284.59
02.11.11;1285.09
03.11.11;1253.30
04.11.11;1218.28
07.11.11;1237.90
08.11.11;1261.15
09.11.11;1253.23
10.11.11;1261.12
11.11.11;1275.92
14.11.11;1229.10
15.11.11;1239.70
16.11.11;1263.85
17.11.11;1251.78
18.11.11;1257.81
21.11.11;1236.91
22.11.11;1216.13
23.11.11;1215.65
24.11.11;1215.65
25.11.11;1192.98
28.11.11;1188.04
29.11.11;1161.79
30.11.11;1158.67
01.12.11;1192.55
02.12.11;1195.19
05.12.11;1246.96
06.12.11;1244.58
07.12.11;1244.28
08.12.11;1257.08
09.12.11;1258.47
12.12.11;1261.01
13.12.11;1234.35
14.12.11;1255.19
15.12.11;1236.47
16.12.11;1225.73
19.12.11;1211.82
20.12.11;1215.75
21.12.11;1219.66
22.12.11;1205.35
23.12.11;1241.30
26.12.11;1241.30
27.12.11;1243.72
28.12.11;1254.00
29.12.11;1265.33
30.12.11;1265.43
02.01.12;1265.43
03.01.12;1249.64
04.01.12;1263.02
05.01.12;1257.60
06.01.12;1277.06
09.01.12;1277.30
10.01.12;1281.06
11.01.12;1277.81
12.01.12;1280.70
13.01.12;1292.08
16.01.12;1292.08
17.01.12;1292.48
18.01.12;1295.50
19.01.12;1289.09
20.01.12;1293.67
23.01.12;1308.04
24.01.12;1314.50
25.01.12;1315.38
26.01.12;1316.00
27.01.12;1314.65
30.01.12;1326.06
31.01.12;1318.43
01.02.12;1316.33
02.02.12;1313.01
03.02.12;1312.41
06.02.12;1324.09
07.02.12;1325.54
08.02.12;1344.90
09.02.12;1344.33
10.02.12;1347.05
13.02.12;1349.96
14.02.12;1351.95
15.02.12;1342.64
16.02.12;1351.77
17.02.12;1350.50
20.02.12;1350.50
21.02.12;1343.23
22.02.12;1358.04
23.02.12;1361.23
24.02.12;1362.21
27.02.12;1357.66
28.02.12;1363.46
29.02.12;1365.74
01.03.12;1367.59
02.03.12;1372.18
05.03.12;1365.68
06.03.12;1374.09
07.03.12;1369.63
08.03.12;1364.33
09.03.12;1343.36
12.03.12;1352.63
13.03.12;1365.91
14.03.12;1370.87
15.03.12;1371.09
16.03.12;1395.95
19.03.12;1394.28
20.03.12;1402.60
21.03.12;1404.17
22.03.12;1409.75
23.03.12;1405.52
26.03.12;1402.89
27.03.12;1392.78
28.03.12;1397.11
29.03.12;1416.51
30.03.12;1412.52
02.04.12;1405.54
03.04.12;1403.28
04.04.12;1408.47
05.04.12;1419.04
06.04.12;1419.04
09.04.12;1413.38
10.04.12;1398.96
11.04.12;1398.08
12.04.12;1382.20
13.04.12;1358.59
16.04.12;1368.71
17.04.12;1387.57
18.04.12;1370.26
19.04.12;1369.57
20.04.12;1390.78
23.04.12;1385.14
24.04.12;1376.92
25.04.12;1378.53
26.04.12;1366.94
27.04.12;1371.97
30.04.12;1390.69
01.05.12;1399.98
02.05.12;1403.36
03.05.12;1397.91
04.05.12;1405.82
07.05.12;1402.31
08.05.12;1391.57
09.05.12;1369.10
10.05.12;1369.58
11.05.12;1363.72
14.05.12;1354.58
15.05.12;1357.99
16.05.12;1353.39
17.05.12;1338.35
18.05.12;1330.66
21.05.12;1324.80
22.05.12;1304.86
23.05.12;1295.22
24.05.12;1315.99
25.05.12;1316.63
28.05.12;1316.63
29.05.12;1318.86
30.05.12;1320.68
31.05.12;1317.82
01.06.12;1332.42
04.06.12;1313.32
05.06.12;1310.33
06.06.12;1278.04
07.06.12;1278.18
08.06.12;1285.50
11.06.12;1315.13
12.06.12;1314.99
13.06.12;1325.66
14.06.12;1308.93
15.06.12;1324.18
18.06.12;1314.88
19.06.12;1329.10
20.06.12;1342.84
21.06.12;1344.78
22.06.12;1357.98
25.06.12;1355.69
26.06.12;1325.51
27.06.12;1335.02
28.06.12;1313.72
29.06.12;1319.99
02.07.12;1331.85
03.07.12;1329.04
04.07.12;1329.04
05.07.12;1362.16
06.07.12;1365.51
09.07.12;1374.02
10.07.12;1367.58
11.07.12;1354.68
12.07.12;1352.46
13.07.12;1341.47
16.07.12;1341.45
17.07.12;1334.76
18.07.12;1356.78
19.07.12;1353.64
20.07.12;1363.67
23.07.12;1372.78
24.07.12;1376.51
25.07.12;1362.66
26.07.12;1350.52
27.07.12;1338.31
30.07.12;1337.89
31.07.12;1360.02
01.08.12;1385.97
02.08.12;1385.30
03.08.12;1379.32
06.08.12;1375.32
07.08.12;1365.00
08.08.12;1390.99
09.08.12;1394.23
10.08.12;1401.35
13.08.12;1402.22
14.08.12;1402.80
15.08.12;1405.87
16.08.12;1404.11
17.08.12;1403.93
20.08.12;1405.53
21.08.12;1415.51
22.08.12;1418.16
23.08.12;1418.13
24.08.12;1413.17
27.08.12;1413.49
28.08.12;1402.08
29.08.12;1411.13
30.08.12;1410.44
31.08.12;1409.30
03.09.12;1360.02
04.09.12;1410.49
05.09.12;1399.48
06.09.12;1406.58
07.09.12;1404.94
10.09.12;1403.44
11.09.12;1432.12
12.09.12;1437.92
13.09.12;1429.08
14.09.12;1433.56
17.09.12;1436.56
18.09.12;1459.99
19.09.12;1465.77
20.09.12;1461.19
21.09.12;1459.32
24.09.12;1461.05
25.09.12;1460.26
26.09.12;1460.15
27.09.12;1456.89
28.09.12;1441.59
01.10.12;1433.32
02.10.12;1447.15
03.10.12;1440.67
04.10.12;1444.49
05.10.12;1445.75
08.10.12;1450.99
09.10.12;1461.40
10.10.12;1460.93
11.10.12;1455.88
12.10.12;1441.48
15.10.12;1432.56
16.10.12;1432.84
17.10.12;1428.59
18.10.12;1440.13
19.10.12;1454.92
22.10.12;1460.91
23.10.12;1457.34
24.10.12;1433.19
25.10.12;1433.82
26.10.12;1413.11
29.10.12;1413.11
30.10.12;1413.11
31.10.12;1408.75
01.11.12;1412.97
02.11.12;1411.94
05.11.12;1412.16
06.11.12;1427.59
07.11.12;1414.20
08.11.12;1417.26
09.11.12;1428.39
12.11.12;1394.53
13.11.12;1377.51
14.11.12;1379.85
15.11.12;1380.03
16.11.12;1374.53
19.11.12;1355.49
20.11.12;1353.33
21.11.12;1359.88
22.11.12;1359.88
23.11.12;1386.89
26.11.12;1387.81
27.11.12;1391.03
28.11.12;1409.15
29.11.12;1406.29
30.11.12;1398.94
03.12.12;1409.93
04.12.12;1415.95
05.12.12;1416.18
06.12.12;1409.46
07.12.12;1407.05
10.12.12;1409.28
11.12.12;1413.94
12.12.12;1418.07
13.12.12;1418.55
14.12.12;1427.84
17.12.12;1428.48
18.12.12;1419.45
19.12.12;1413.58
20.12.12;1430.36
21.12.12;1446.79
24.12.12;1435.81
25.12.12;1435.81
26.12.12;1443.69
27.12.12;1430.15
28.12.12;1426.66
31.12.12;1419.83
01.01.13;1419.83
02.01.13;1418.10
03.01.13;1402.43
04.01.13;1426.19
07.01.13;1462.42
08.01.13;1459.37
09.01.13;1466.47
10.01.13;1461.89
11.01.13;1457.15
14.01.13;1461.02
15.01.13;1472.12
16.01.13;1472.05
17.01.13;1470.68
18.01.13;1472.34
21.01.13;1472.34
22.01.13;1472.63
23.01.13;1480.94
24.01.13;1485.98
25.01.13;1492.56
28.01.13;1494.81
29.01.13;1494.82
30.01.13;1502.96
31.01.13;1500.18
01.02.13;1507.84
04.02.13;1501.96
05.02.13;1498.11
06.02.13;1513.17
07.02.13;1495.71
08.02.13;1511.29
11.02.13;1512.12
12.02.13;1509.39
13.02.13;1517.93
14.02.13;1517.01
15.02.13;1519.43
18.02.13;1519.43
19.02.13;1520.33
20.02.13;1521.38
21.02.13;1519.79
22.02.13;1530.94
25.02.13;1511.95
26.02.13;1502.42
27.02.13;1515.60
28.02.13;1487.85
01.03.13;1496.94
04.03.13;1515.99
05.03.13;1514.68
06.03.13;1518.20
07.03.13;1525.20
08.03.13;1539.79
11.03.13;1541.46
12.03.13;1544.26
13.03.13;1551.18
14.03.13;1556.22
15.03.13;1552.48
18.03.13;1554.52
19.03.13;1563.23
20.03.13;1560.70
21.03.13;1552.10
22.03.13;1548.34
25.03.13;1558.71
26.03.13;1545.80
27.03.13;1556.89
28.03.13;1551.69
29.03.13;1551.69
01.04.13;1563.77
02.04.13;1562.85
03.04.13;1569.19
04.04.13;1562.17
05.04.13;1570.25
08.04.13;1553.69
09.04.13;1559.98
10.04.13;1553.28
11.04.13;1563.07
12.04.13;1568.61
15.04.13;1587.73
16.04.13;1593.37
17.04.13;1588.85
18.04.13;1552.36
19.04.13;1574.57
22.04.13;1552.01
23.04.13;1541.61
24.04.13;1555.25
25.04.13;1562.50
26.04.13;1578.78
29.04.13;1578.79
30.04.13;1585.16
01.05.13;1582.24
02.05.13;1593.61
03.05.13;1597.57
06.05.13;1582.70
07.05.13;1597.59
08.05.13;1614.42
09.05.13;1617.50
10.05.13;1625.96
13.05.13;1632.69
14.05.13;1626.67
15.05.13;1633.70
16.05.13;1633.77
17.05.13;1650.34
20.05.13;1658.78
21.05.13;1650.47
22.05.13;1667.47
23.05.13;1666.29
24.05.13;1669.16
27.05.13;1669.16
28.05.13;1655.35
29.05.13;1650.51
30.05.13;1649.60
31.05.13;1660.06
03.06.13;1648.36
04.06.13;1654.41
05.06.13;1630.74
06.06.13;1640.42
07.06.13;1631.38
10.06.13;1608.90
11.06.13;1622.56
12.06.13;1643.38
13.06.13;1642.81
14.06.13;1626.13
17.06.13;1612.52
18.06.13;1636.36
19.06.13;1626.73
20.06.13;1639.04
21.06.13;1651.81
24.06.13;1628.93
25.06.13;1588.19
26.06.13;1592.43
27.06.13;1573.09
28.06.13;1588.03
01.07.13;1603.26
02.07.13;1613.20
03.07.13;1606.28
04.07.13;1606.28
05.07.13;1614.96
08.07.13;1614.08
09.07.13;1615.41
10.07.13;1631.89
11.07.13;1640.46
12.07.13;1652.32
15.07.13;1652.62
16.07.13;1675.02
17.07.13;1680.19
18.07.13;1682.50
19.07.13;1676.26
22.07.13;1680.91
23.07.13;1689.37
24.07.13;1692.09
25.07.13;1695.53
26.07.13;1692.39
29.07.13;1685.94
30.07.13;1690.25
31.07.13;1691.65
01.08.13;1685.33
02.08.13;1685.96
05.08.13;1685.73
06.08.13;1706.87
07.08.13;1709.67
08.08.13;1707.14
09.08.13;1697.37
12.08.13;1690.91
13.08.13;1697.48
14.08.13;1691.42
15.08.13;1689.47
16.08.13;1694.16
19.08.13;1685.39
20.08.13;1661.32
21.08.13;1655.83
22.08.13;1646.06
23.08.13;1652.35
26.08.13;1642.80
27.08.13;1656.96
28.08.13;1663.50
29.08.13;1656.78
30.08.13;1630.48
02.09.13;1630.48
03.09.13;1634.96
04.09.13;1638.17
05.09.13;1632.97
06.09.13;1639.77
09.09.13;1653.08
10.09.13;1655.08
11.09.13;1655.17
12.09.13;1671.71
13.09.13;1683.99
16.09.13;1689.13
17.09.13;1683.42
18.09.13;1687.99
19.09.13;1697.60
20.09.13;1704.76
23.09.13;1725.52
24.09.13;1722.34
25.09.13;1709.91
26.09.13;1701.84
27.09.13;1697.42
30.09.13;1692.77
01.10.13;1698.67
02.10.13;1691.75
03.10.13;1681.55
04.10.13;1695.00
07.10.13;1693.87
08.10.13;1678.66
09.10.13;1690.50
10.10.13;1676.12
11.10.13;1655.45
14.10.13;1656.40
15.10.13;1692.56
16.10.13;1703.20
17.10.13;1710.14
18.10.13;1698.06
21.10.13;1721.54
22.10.13;1733.15
23.10.13;1744.50
24.10.13;1744.66
25.10.13;1754.67
28.10.13;1746.38
29.10.13;1752.07
30.10.13;1759.77
31.10.13;1762.11
01.11.13;1771.95
04.11.13;1763.31
05.11.13;1756.54
06.11.13;1761.64
07.11.13;1767.93
08.11.13;1762.97
11.11.13;1770.49
12.11.13;1747.15
13.11.13;1770.61
14.11.13;1771.89
15.11.13;1767.69
18.11.13;1782.00
19.11.13;1790.62
20.11.13;1798.18
21.11.13;1791.53
22.11.13;1787.87
25.11.13;1781.37
26.11.13;1795.85
27.11.13;1804.76
28.11.13;1804.76
29.11.13;1802.48
02.12.13;1802.75
03.12.13;1807.23
04.12.13;1805.81
05.12.13;1800.90
06.12.13;1795.15
09.12.13;1792.81
10.12.13;1785.03
11.12.13;1805.09
12.12.13;1808.37
13.12.13;1802.62
16.12.13;1782.22
17.12.13;1775.50
18.12.13;1775.32
19.12.13;1786.54
20.12.13;1781.00
23.12.13;1810.65
24.12.13;1809.60
25.12.13;1809.60
26.12.13;1818.32
27.12.13;1827.99
30.12.13;1833.32
31.12.13;1842.02
01.01.14;1842.02
02.01.14;1841.40
03.01.14;1841.07
06.01.14;1848.36
07.01.14;1831.98
08.01.14;1831.37
09.01.14;1826.77
10.01.14;1837.88
13.01.14;1837.49
14.01.14;1838.13
15.01.14;1842.37
16.01.14;1819.20
17.01.14;1838.88
20.01.14;1838.88
21.01.14;1848.38
22.01.14;1845.89
23.01.14;1838.70
24.01.14;1843.80
27.01.14;1844.86
28.01.14;1828.46
29.01.14;1790.29
30.01.14;1781.56
31.01.14;1792.50
03.02.14;1774.20
04.02.14;1794.19
05.02.14;1782.59
06.02.14;1741.89
07.02.14;1755.20
10.02.14;1751.64
11.02.14;1773.43
12.02.14;1797.02
13.02.14;1799.84
14.02.14;1819.75
17.02.14;1819.75
18.02.14;1819.26
19.02.14;1829.83
20.02.14;1838.63
21.02.14;1840.76
24.02.14;1828.75
25.02.14;1839.78
26.02.14;1836.25
27.02.14;1847.61
28.02.14;1845.12
03.03.14;1845.16
04.03.14;1854.29
05.03.14;1859.45
06.03.14;1845.73
07.03.14;1873.91
10.03.14;1873.81
11.03.14;1877.03
12.03.14;1878.04
13.03.14;1877.17
14.03.14;1867.63
17.03.14;1868.20
18.03.14;1846.34
19.03.14;1841.13
20.03.14;1858.83
21.03.14;1872.25
24.03.14;1860.77
25.03.14;1872.01
26.03.14;1866.52
27.03.14;1857.44
28.03.14;1865.62
31.03.14;1852.56
01.04.14;1849.04
02.04.14;1857.62
03.04.14;1872.34
04.04.14;1885.52
07.04.14;1890.90
08.04.14;1888.77
09.04.14;1865.09
10.04.14;1845.04
11.04.14;1851.96
14.04.14;1872.18
15.04.14;1833.08
16.04.14;1815.69
17.04.14;1830.61
18.04.14;1830.61
21.04.14;1842.98
22.04.14;1862.31
23.04.14;1864.85
24.04.14;1871.89
25.04.14;1879.55
28.04.14;1875.39
29.04.14;1878.61
30.04.14;1863.40
01.05.14;1869.43
02.05.14;1878.33
05.05.14;1883.95
06.05.14;1883.68
07.05.14;1881.14
08.05.14;1884.66
09.05.14;1867.72
12.05.14;1878.21
13.05.14;1875.63
14.05.14;1878.48
15.05.14;1896.65
16.05.14;1897.45
19.05.14;1888.53
20.05.14;1870.85
21.05.14;1877.86
22.05.14;1885.08
23.05.14;1872.83
26.05.14;1872.83
27.05.14;1888.03
28.05.14;1892.49
29.05.14;1900.53
30.05.14;1911.91
02.06.14;1909.78
03.06.14;1920.03
04.06.14;1923.57
05.06.14;1924.97
06.06.14;1924.24
09.06.14;1927.88
10.06.14;1940.46
11.06.14;1949.44
12.06.14;1951.27
13.06.14;1950.79
16.06.14;1943.89
17.06.14;1930.11
18.06.14;1936.16
19.06.14;1937.78
20.06.14;1941.99
23.06.14;1956.98
24.06.14;1959.48
25.06.14;1962.87
26.06.14;1962.61
27.06.14;1949.98
30.06.14;1959.53
01.07.14;1957.22
02.07.14;1960.96
03.07.14;1960.23
04.07.14;1960.23
07.07.14;1973.32
08.07.14;1974.62
09.07.14;1985.44
10.07.14;1977.65
11.07.14;1963.71
14.07.14;1972.83
15.07.14;1964.68
16.07.14;1967.57
17.07.14;1977.10
18.07.14;1973.28
21.07.14;1981.57
22.07.14;1958.12
23.07.14;1978.22
24.07.14;1973.63
25.07.14;1983.53
28.07.14;1987.01
29.07.14;1987.98
30.07.14;1978.34
31.07.14;1978.91
01.08.14;1969.95
04.08.14;1970.07
05.08.14;1930.67
06.08.14;1925.15
07.08.14;1938.99
08.08.14;1920.21
11.08.14;1920.24
12.08.14;1909.57
13.08.14;1931.59
14.08.14;1936.92
15.08.14;1933.75
18.08.14;1946.72
19.08.14;1955.18
20.08.14;1955.06
21.08.14;1971.74
22.08.14;1981.60
25.08.14;1986.51
26.08.14;1992.37
27.08.14;1988.40
28.08.14;1997.92
29.08.14;2000.02
01.09.14;2000.02
02.09.14;2000.12
03.09.14;1996.74
04.09.14;2003.37
05.09.14;2002.28
08.09.14;2000.72
09.09.14;1997.65
10.09.14;2007.71
11.09.14;2001.54
12.09.14;1988.44
15.09.14;1995.69
16.09.14;1997.45
17.09.14;1985.54
18.09.14;1984.13
19.09.14;1998.98
22.09.14;2001.57
23.09.14;2011.36
24.09.14;2010.40
25.09.14;1994.29
26.09.14;1982.77
29.09.14;1998.30
30.09.14;1965.99
01.10.14;1982.85
02.10.14;1977.80
03.10.14;1972.29
06.10.14;1946.16
07.10.14;1946.17
08.10.14;1967.90
09.10.14;1964.82
10.10.14;1935.10
13.10.14;1968.89
14.10.14;1928.21
15.10.14;1906.13
16.10.14;1874.74
17.10.14;1877.70
20.10.14;1862.49
21.10.14;1862.76
22.10.14;1886.76
23.10.14;1904.01
24.10.14;1941.28
27.10.14;1927.11
28.10.14;1950.82
29.10.14;1964.58
30.10.14;1961.63
31.10.14;1985.05
03.11.14;1982.30
04.11.14;1994.65
05.11.14;2018.05
06.11.14;2017.81
07.11.14;2012.10
10.11.14;2023.57
11.11.14;2031.21
12.11.14;2031.92
13.11.14;2038.26
14.11.14;2039.68
17.11.14;2038.25
18.11.14;2039.33
19.11.14;2039.82
20.11.14;2041.32
21.11.14;2051.80
24.11.14;2048.72
25.11.14;2052.75
26.11.14;2063.50
27.11.14;2063.50
28.11.14;2069.41
01.12.14;2067.03
02.12.14;2072.83
03.12.14;2067.56
04.12.14;2053.44
05.12.14;2066.55
08.12.14;2074.33
09.12.14;2071.92
10.12.14;2075.37
11.12.14;2060.31
12.12.14;2059.82
15.12.14;2026.14
16.12.14;2035.33
17.12.14;2002.33
18.12.14;1989.63
19.12.14;1972.74
22.12.14;2012.89
23.12.14;2061.23
24.12.14;2070.65
25.12.14;2070.65
26.12.14;2078.54
29.12.14;2082.17
30.12.14;2081.88
31.12.14;2088.77
01.01.15;2088.77
02.01.15;2090.57
05.01.15;2080.35
06.01.15;2058.90
07.01.15;2058.20
08.01.15;2020.58
09.01.15;2002.61
12.01.15;2025.90
13.01.15;2062.14
14.01.15;2044.81
15.01.15;2028.26
16.01.15;2023.03
19.01.15;2023.03
20.01.15;2011.27
21.01.15;1992.67
22.01.15;2019.42
23.01.15;2022.55
26.01.15;2032.12
27.01.15;2063.15
28.01.15;2051.82
29.01.15;2057.09
30.01.15;2029.55
02.02.15;2002.16
03.02.15;2021.25
04.02.15;1994.99
05.02.15;2020.85
06.02.15;2050.03
09.02.15;2041.51
10.02.15;2062.52
11.02.15;2055.47
12.02.15;2046.74
13.02.15;2068.59
16.02.15;2068.59
17.02.15;2068.53
18.02.15;2088.48
19.02.15;2096.99
20.02.15;2100.34
23.02.15;2099.68
24.02.15;2097.45
25.02.15;2110.30
26.02.15;2109.66
27.02.15;2115.48
02.03.15;2113.86
03.03.15;2110.74
04.03.15;2104.50
05.03.15;2117.39
06.03.15;2107.78
09.03.15;2098.53
10.03.15;2101.04
11.03.15;2071.26
12.03.15;2079.43
13.03.15;2044.16
16.03.15;2040.24
17.03.15;2065.95
18.03.15;2053.40
19.03.15;2081.19
20.03.15;2074.28
23.03.15;2099.50
24.03.15;2089.27
25.03.15;2108.10
26.03.15;2104.42
27.03.15;2091.50
30.03.15;2061.05
31.03.15;2056.15
01.04.15;2061.02
02.04.15;2086.24
03.04.15;2086.24
06.04.15;2067.89
07.04.15;2059.69
08.04.15;2066.96
09.04.15;2080.62
10.04.15;2076.33
13.04.15;2081.90
14.04.15;2091.18
15.04.15;2102.06
16.04.15;2092.43
17.04.15;2095.84
20.04.15;2106.63
21.04.15;2104.99
22.04.15;2081.18
23.04.15;2100.40
24.04.15;2097.29
27.04.15;2107.96
28.04.15;2112.93
29.04.15;2117.69
30.04.15;2108.92
01.05.15;2114.76
04.05.15;2106.85
05.05.15;2085.51
06.05.15;2108.29
07.05.15;2114.49
08.05.15;2089.46
11.05.15;2080.15
12.05.15;2088.00
13.05.15;2116.10
14.05.15;2105.33
15.05.15;2099.12
18.05.15;2098.48
19.05.15;2121.10
20.05.15;2122.73
21.05.15;2129.20
22.05.15;2127.83
25.05.15;2127.83
26.05.15;2125.85
27.05.15;2130.82
28.05.15;2126.06
29.05.15;2104.20
01.06.15;2123.48
02.06.15;2120.79
03.06.15;2107.39
04.06.15;2111.73
05.06.15;2109.60
08.06.15;2114.07
09.06.15;2095.84
10.06.15;2092.83
11.06.15;2079.28
12.06.15;2080.15
15.06.15;2105.20
16.06.15;2108.86
17.06.15;2094.11
18.06.15;2084.43
19.06.15;2096.29
22.06.15;2100.44
23.06.15;2121.24
24.06.15;2109.99
25.06.15;2122.85
26.06.15;2124.20
29.06.15;2108.58
30.06.15;2102.31
01.07.15;2101.49
02.07.15;2057.64
03.07.15;2057.64
06.07.15;2063.11
07.07.15;2077.42
08.07.15;2076.78
09.07.15;2068.76
10.07.15;2081.34
13.07.15;2046.68
14.07.15;2051.31
15.07.15;2076.62
16.07.15;2099.60
17.07.15;2108.95
20.07.15;2107.40
21.07.15;2124.29
22.07.15;2126.64
23.07.15;2128.28
24.07.15;2119.21
27.07.15;2114.15
28.07.15;2102.15
29.07.15;2079.65
30.07.15;2067.64
31.07.15;2093.25
03.08.15;2108.57
04.08.15;2108.63
05.08.15;2103.84
06.08.15;2098.04
07.08.15;2093.32
10.08.15;2099.84
11.08.15;2083.56
12.08.15;2077.57
13.08.15;2104.18
14.08.15;2084.07
17.08.15;2086.05
18.08.15;2083.39
19.08.15;2091.54
20.08.15;2102.44
21.08.15;2096.92
24.08.15;2079.61
25.08.15;2035.73
26.08.15;1970.89
27.08.15;1893.21
28.08.15;1867.61
31.08.15;1940.51
01.09.15;1987.66
02.09.15;1988.87
03.09.15;1972.18
04.09.15;1913.85
07.09.15;1913.85
08.09.15;1948.86
09.09.15;1951.13
10.09.15;1921.22
11.09.15;1969.41
14.09.15;1942.04
15.09.15;1952.29
16.09.15;1961.05
17.09.15;1953.03
18.09.15;1978.09
21.09.15;1995.31
22.09.15;1990.20
23.09.15;1958.03
24.09.15;1966.97
25.09.15;1942.74
28.09.15;1938.76
29.09.15;1932.24
30.09.15;1931.34
01.10.15;1881.77
02.10.15;1884.09
05.10.15;1920.03
06.10.15;1923.82
07.10.15;1951.36
08.10.15;1987.05
09.10.15;1979.92
12.10.15;1995.83
13.10.15;2013.43
14.10.15;2014.89
15.10.15;2017.46
16.10.15;2003.69
19.10.15;1994.24
20.10.15;2023.86
21.10.15;2033.11
22.10.15;2033.66
23.10.15;2030.77
26.10.15;2018.94
27.10.15;2052.51
28.10.15;2075.15
29.10.15;2071.18
30.10.15;2065.89
02.11.15;2090.35
03.11.15;2089.41
04.11.15;2079.36
05.11.15;2104.05
06.11.15;2109.79
09.11.15;2102.31
10.11.15;2099.93
11.11.15;2099.20
12.11.15;2078.58
13.11.15;2081.72
16.11.15;2075.00
17.11.15;2045.97
18.11.15;2023.04
19.11.15;2053.19
20.11.15;2050.44
23.11.15;2083.58
24.11.15;2081.24
25.11.15;2089.17
26.11.15;2089.17
27.11.15;2086.59
30.11.15;2089.14
01.12.15;2088.87
02.12.15;2090.11
03.12.15;2080.41
04.12.15;2102.63
07.12.15;2079.51
08.12.15;2049.62
09.12.15;2091.69
10.12.15;2077.07
11.12.15;2063.59
14.12.15;2047.62
15.12.15;2052.23
16.12.15;2012.37
17.12.15;2021.94
18.12.15;2043.41
21.12.15;2073.07
22.12.15;2041.89
23.12.15;2005.55
24.12.15;2021.15
25.12.15;2021.15
28.12.15;2038.97
29.12.15;2064.29
30.12.15;2060.99
31.12.15;2056.50
01.01.16;2056.50
04.01.16;2078.36
05.01.16;2063.36
06.01.16;2043.94
07.01.16;2012.66
08.01.16;2016.71
11.01.16;1990.26
12.01.16;1943.09
13.01.16;1922.03
14.01.16;1923.67
15.01.16;1938.68
18.01.16;1938.68
19.01.16;1890.28
20.01.16;1921.84
21.01.16;1880.33
22.01.16;1881.33
25.01.16;1859.33
26.01.16;1868.99
27.01.16;1906.90
28.01.16;1877.08
29.01.16;1903.63
01.02.16;1882.95
02.02.16;1893.36
03.02.16;1940.24
04.02.16;1939.38
05.02.16;1903.03
08.02.16;1912.53
09.02.16;1915.45
10.02.16;1880.05
11.02.16;1853.44
12.02.16;1852.21
15.02.16;1852.21
16.02.16;1851.86
17.02.16;1829.08
18.02.16;1864.78
19.02.16;1895.58
22.02.16;1926.82
23.02.16;1917.83
24.02.16;1917.78
25.02.16;1945.50
26.02.16;1921.27
29.02.16;1929.80
01.03.16;1951.70
02.03.16;1948.05
03.03.16;1932.23
04.03.16;1978.35
07.03.16;1986.45
08.03.16;1993.40
09.03.16;1999.99
10.03.16;2001.76
11.03.16;1979.26
14.03.16;1989.26
15.03.16;1989.57
16.03.16;2022.19
17.03.16;2019.64
18.03.16;2015.93
21.03.16;2027.22
22.03.16;2040.59
23.03.16;2049.58
24.03.16;2051.60
25.03.16;2051.60
28.03.16;2049.80
29.03.16;2036.71
30.03.16;2035.94
31.03.16;2037.05
01.04.16;2055.01
04.04.16;2063.95
05.04.16;2059.74
06.04.16;2072.78
07.04.16;2066.13
08.04.16;2045.17
11.04.16;2066.66
12.04.16;2041.91
13.04.16;2047.60
14.04.16;2041.99
15.04.16;2061.72
18.04.16;2082.42
19.04.16;2082.78
20.04.16;2080.73
21.04.16;2094.34
22.04.16;2100.80
25.04.16;2102.40
26.04.16;2091.48
27.04.16;2091.58
28.04.16;2087.79
29.04.16;2091.70
02.05.16;2095.15
03.05.16;2075.81
04.05.16;2065.30
05.05.16;2081.43
06.05.16;2063.37
09.05.16;2051.12
10.05.16;2050.63
11.05.16;2057.14
12.05.16;2058.69
13.05.16;2084.39
16.05.16;2064.46
17.05.16;2064.11
18.05.16;2046.61
19.05.16;2066.66
20.05.16;2047.21
23.05.16;2047.63
24.05.16;2040.04
25.05.16;2052.32
26.05.16;2048.04
27.05.16;2076.06
30.05.16;2076.06
31.05.16;2090.54
01.06.16;2090.10
02.06.16;2099.06
03.06.16;2096.95
06.06.16;2099.33
07.06.16;2105.26
08.06.16;2099.13
09.06.16;2109.41
10.06.16;2112.13
13.06.16;2119.12
14.06.16;2115.48
15.06.16;2096.07
16.06.16;2079.06
17.06.16;2075.32
20.06.16;2071.50
21.06.16;2077.99
22.06.16;2071.22
23.06.16;2083.25
24.06.16;2088.90
27.06.16;2085.45
28.06.16;2113.32
29.06.16;2037.41
30.06.16;2000.54
01.07.16;2036.09
04.07.16;2036.09
05.07.16;2070.77
06.07.16;2098.86
07.07.16;2102.95
08.07.16;2088.55
11.07.16;2099.73
12.07.16;2097.90
13.07.16;2129.90
14.07.16;2137.16
15.07.16;2152.14
18.07.16;2152.43
19.07.16;2163.75
20.07.16;2161.74
21.07.16;2166.89
22.07.16;2163.78
25.07.16;2173.02
26.07.16;2165.17
27.07.16;2175.03
28.07.16;2168.48
29.07.16;2169.18
01.08.16;2166.58
02.08.16;2170.06
03.08.16;2173.60
04.08.16;2170.84
05.08.16;2157.03
08.08.16;2163.79
09.08.16;2164.25
10.08.16;2182.87
11.08.16;2180.89
12.08.16;2181.74
15.08.16;2175.49
16.08.16;2185.79
17.08.16;2184.05
18.08.16;2190.15
19.08.16;2178.15
22.08.16;2182.22
23.08.16;2187.02
24.08.16;2183.87
25.08.16;2182.64
26.08.16;2186.90
29.08.16;2175.44
30.08.16;2172.47
31.08.16;2169.04
01.09.16;2180.38
02.09.16;2176.12
05.09.16;2176.12
06.09.16;2170.95
07.09.16;2170.86
08.09.16;2179.98
09.09.16;2186.48
12.09.16;2186.16
13.09.16;2181.30
14.09.16;2127.81
15.09.16;2159.04
16.09.16;2127.02
19.09.16;2125.77
20.09.16;2147.26
21.09.16;2139.16
22.09.16;2139.12
23.09.16;2139.76
26.09.16;2163.12
27.09.16;2177.18
28.09.16;2164.69
29.09.16;2146.10
30.09.16;2159.93
03.10.16;2171.37
04.10.16;2151.13
05.10.16;2168.27
06.10.16;2161.20
07.10.16;2150.49
10.10.16;2159.73
11.10.16;2160.77
12.10.16;2153.74
13.10.16;2163.66
14.10.16;2136.73
17.10.16;2139.18
18.10.16;2132.55
19.10.16;2132.98
20.10.16;2126.50
21.10.16;2139.60
24.10.16;2144.29
25.10.16;2141.34
26.10.16;2141.16
27.10.16;2151.33
28.10.16;2143.16
31.10.16;2139.43
01.11.16;2133.04
02.11.16;2126.41
03.11.16;2126.15
04.11.16;2111.72
07.11.16;2097.94
08.11.16;2088.66
09.11.16;2085.18
10.11.16;2131.52
11.11.16;2139.56
14.11.16;2163.26
15.11.16;2167.48
16.11.16;2164.45
17.11.16;2164.20
18.11.16;2180.39
21.11.16;2176.94
22.11.16;2187.12
23.11.16;2181.90
24.11.16;2181.90
25.11.16;2198.18
28.11.16;2202.94
29.11.16;2204.72
30.11.16;2213.35
01.12.16;2201.72
02.12.16;2204.66
05.12.16;2198.81
06.12.16;2191.08
07.12.16;2191.95
08.12.16;2204.71
09.12.16;2212.23
12.12.16;2241.35
13.12.16;2246.19
14.12.16;2259.53
15.12.16;2256.96
16.12.16;2271.72
19.12.16;2253.28
20.12.16;2262.03
21.12.16;2258.07
22.12.16;2262.53
23.12.16;2270.76
26.12.16;2270.76
27.12.16;2265.18
28.12.16;2260.96
29.12.16;2263.79
30.12.16;2268.88
02.01.17;2268.88
03.01.17;2249.92
04.01.17;2249.26
05.01.17;2238.83
06.01.17;2257.83
09.01.17;2270.75
10.01.17;2269.00
11.01.17;2276.98
12.01.17;2268.90
13.01.17;2268.90
16.01.17;2268.90
17.01.17;2275.32
18.01.17;2270.44
19.01.17;2274.64
20.01.17;2267.89
23.01.17;2271.89
24.01.17;2263.69
25.01.17;2271.31
26.01.17;2265.20
27.01.17;2280.07
30.01.17;2298.37
31.01.17;2296.68
01.02.17;2294.69
02.02.17;2280.90
03.02.17;2278.87
06.02.17;2279.55
07.02.17;2280.85
08.02.17;2297.42
09.02.17;2292.56
10.02.17;2293.08
13.02.17;2294.67
14.02.17;2307.87
15.02.17;2316.10
16.02.17;2328.25
17.02.17;2337.58
20.02.17;2337.58
21.02.17;2349.25
22.02.17;2347.22
23.02.17;2351.16
24.02.17;2365.38
27.02.17;2362.82
28.02.17;2363.81
01.03.17;2367.34
02.03.17;2369.75
03.03.17;2363.64
06.03.17;2395.96
07.03.17;2381.92
08.03.17;2383.12
09.03.17;2375.31
10.03.17;2368.39
13.03.17;2362.98
14.03.17;2364.87
15.03.17;2372.60
16.03.17;2373.47
17.03.17;2365.45
20.03.17;2385.26
21.03.17;2381.38
22.03.17;2378.25
23.03.17;2373.47
24.03.17;2344.02
27.03.17;2348.45
28.03.17;2345.96
29.03.17;2343.98
30.03.17;2341.59
31.03.17;2358.57
03.04.17;2361.13
04.04.17;2368.06
05.04.17;2362.72
06.04.17;2358.84
07.04.17;2360.16
10.04.17;2352.95
11.04.17;2357.49
12.04.17;2355.54
13.04.17;2357.16
14.04.17;2357.16
17.04.17;2353.78
18.04.17;2344.93
19.04.17;2328.95
20.04.17;2349.01
21.04.17;2342.19
24.04.17;2338.17
25.04.17;2355.84
26.04.17;2348.69
27.04.17;2374.15
28.04.17;2388.61
01.05.17;2387.45
02.05.17;2388.77
03.05.17;2384.20
04.05.17;2388.33
05.05.17;2391.17
08.05.17;2388.13
09.05.17;2389.52
10.05.17;2399.29
11.05.17;2399.38
12.05.17;2396.92
15.05.17;2399.63
16.05.17;2394.44
17.05.17;2390.90
18.05.17;2402.32
19.05.17;2400.67
22.05.17;2357.03
23.05.17;2365.72
24.05.17;2381.73
25.05.17;2394.02
26.05.17;2398.42
29.05.17;2398.42
30.05.17;2404.39
31.05.17;2415.07
01.06.17;2415.82
02.06.17;2412.91
05.06.17;2411.80
06.06.17;2430.06
07.06.17;2439.07
08.06.17;2436.10
09.06.17;2429.33
12.06.17;2433.14
13.06.17;2433.79
14.06.17;2431.77
15.06.17;2429.39
16.06.17;2440.35
19.06.17;2437.92
20.06.17;2432.46
21.06.17;2433.15
22.06.17;2453.46
23.06.17;2437.03
26.06.17;2435.61
27.06.17;2434.50
28.06.17;2438.30
29.06.17;2439.07
30.06.17;2419.38
03.07.17;2440.69
04.07.17;2440.69
05.07.17;2419.70
06.07.17;2423.41
07.07.17;2429.01
10.07.17;2432.54
11.07.17;2409.75
12.07.17;2425.18
13.07.17;2427.43
14.07.17;2425.53
17.07.17;2443.25
18.07.17;2447.83
19.07.17;2459.27
20.07.17;2459.14
21.07.17;2460.61
24.07.17;2473.83
25.07.17;2473.45
26.07.17;2472.54
27.07.17;2469.91
28.07.17;2477.13
31.07.17;2477.83
01.08.17;2475.42
02.08.17;2472.10
03.08.17;2470.30
04.08.17;2476.35
07.08.17;2477.57
08.08.17;2472.16
09.08.17;2476.83
10.08.17;2480.91
11.08.17;2474.92
14.08.17;2474.02
15.08.17;2438.21
16.08.17;2441.32
17.08.17;2465.84
18.08.17;2464.61
21.08.17;2468.11
22.08.17;2430.01
23.08.17;2425.55
24.08.17;2428.37
25.08.17;2452.51
28.08.17;2444.04
29.08.17;2438.97
30.08.17;2443.05
31.08.17;2444.24
01.09.17;2446.30
04.09.17;2446.30
05.09.17;2457.59
06.09.17;2471.65
07.09.17;2476.55
08.09.17;2457.85
11.09.17;2465.54
12.09.17;2465.10
13.09.17;2461.43
14.09.17;2488.11
15.09.17;2496.48
18.09.17;2498.37
19.09.17;2495.62
20.09.17;2500.23
21.09.17;2503.87
22.09.17;2506.65
25.09.17;2508.24
26.09.17;2500.60
27.09.17;2502.22
28.09.17;2496.66
29.09.17;2496.84
02.10.17;2507.04
03.10.17;2510.06
04.10.17;2519.36
05.10.17;2529.12
06.10.17;2534.58
09.10.17;2537.74
10.10.17;2552.07
11.10.17;2549.33
12.10.17;2544.73
13.10.17;2550.64
16.10.17;2555.24
17.10.17;2550.93
18.10.17;2553.17
19.10.17;2557.64
20.10.17;2559.36
23.10.17;2561.26
24.10.17;2562.10
25.10.17;2575.21
26.10.17;2564.98
27.10.17;2569.13
30.10.17;2557.15
31.10.17;2560.40
01.11.17;2581.07
02.11.17;2572.83
03.11.17;2575.26
06.11.17;2579.36
07.11.17;2579.85
08.11.17;2587.84
09.11.17;2591.13
10.11.17;2590.64
13.11.17;2594.38
14.11.17;2584.62
15.11.17;2582.30
16.11.17;2584.84
17.11.17;2578.87
20.11.17;2564.62
21.11.17;2585.64
22.11.17;2578.85
23.11.17;2578.85
24.11.17;2582.14
27.11.17;2599.03
28.11.17;2597.08